created_at,entry_id,field1,field2,field3,latitude,longitude,elevation,status
2021-04-21 15:17:06 IST,1,27.40,"41.00

",,,,,
2021-04-21 15:17:49 IST,2,26.90,"43.00

",,,,,
2021-04-21 15:18:26 IST,3,27.00,"43.00

",,,,,
2021-04-21 15:18:47 IST,4,26.60,"43.00

",,,,,
2021-04-21 15:19:09 IST,5,26.50,"44.00

",,,,,
2021-04-21 15:19:52 IST,6,26.30,"44.00

",,,,,
2021-04-21 15:20:56 IST,7,26.20,"45.00

",,,,,
2021-04-21 15:21:28 IST,8,26.10,"45.00

",,,,,
2021-04-21 15:22:00 IST,9,26.20,"45.00

",,,,,
2021-04-21 15:22:21 IST,10,26.30,"45.00

",,,,,
2021-04-21 15:22:53 IST,11,26.20,"44.00

",,,,,
2021-04-21 15:23:15 IST,12,26.10,"45.00

",,,,,
2021-04-21 15:23:47 IST,13,26.00,"45.00

",,,,,
2021-04-21 15:24:09 IST,14,26.00,"45.00

",,,,,
2021-04-21 15:25:24 IST,15,26.00,"45.00

",,,,,
2021-04-21 15:26:49 IST,16,25.90,"44.00

",,,,,
2021-04-21 15:27:21 IST,17,26.00,"45.00

",,,,,
2021-04-21 15:28:04 IST,18,25.90,"44.00

",,,,,
2021-04-21 15:28:47 IST,19,25.90,"44.00

",,,,,
2021-04-21 15:29:19 IST,20,25.90,"44.00

",,,,,
2021-04-21 15:30:44 IST,21,25.80,"44.00

",,,,,
2021-04-21 15:31:06 IST,22,26.00,"45.00

",,,,,
2021-04-21 15:32:21 IST,23,25.90,"44.00

",,,,,
2021-04-21 15:33:25 IST,24,25.90,"44.00

",,,,,
2021-04-21 15:38:42 IST,25,25.40,"45.00

",,,,,
2021-04-21 15:40:30 IST,26,25.60,44.00,"25.36

",,,,
2021-04-21 15:40:51 IST,27,25.50,44.00,"25.25

",,,,
2021-04-21 15:41:34 IST,28,25.70,44.00,"25.47

",,,,
2021-04-21 15:41:56 IST,29,25.70,44.00,"25.47

",,,,
2021-04-21 15:43:11 IST,30,25.80,43.00,"25.56

",,,,
2021-04-21 15:43:43 IST,31,25.70,43.00,"25.45

",,,,
2021-04-21 15:44:05 IST,32,25.70,43.00,"25.45

",,,,
2021-04-21 15:44:26 IST,33,25.60,44.00,"25.36

",,,,
2021-04-21 15:44:48 IST,34,25.60,44.00,"25.36

",,,,
2021-04-21 15:45:09 IST,35,25.60,43.00,"25.34

",,,,
2021-04-21 15:46:24 IST,36,25.60,43.00,"25.34

",,,,
2021-04-21 15:46:45 IST,37,25.60,43.00,"25.34

",,,,
2021-04-21 15:49:04 IST,38,25.60,43.00,"25.34

",,,,
2021-04-21 15:49:37 IST,39,25.50,43.00,"25.23

",,,,
2021-04-21 15:49:58 IST,40,25.60,43.00,"25.34

",,,,
2021-04-21 15:50:20 IST,41,25.60,43.00,"25.34

",,,,
2021-04-21 15:51:14 IST,42,25.90,42.00,"25.64

",,,,
2021-04-21 15:51:35 IST,43,25.90,42.00,"25.64

",,,,
2021-04-21 15:52:29 IST,44,25.80,42.00,"25.53

",,,,
2021-04-21 15:53:33 IST,45,25.60,42.00,"25.31

",,,,
2021-04-21 15:54:05 IST,46,25.60,43.00,"25.34

",,,,
2021-04-21 15:54:37 IST,47,25.60,43.00,"25.34

",,,,
2021-04-21 15:55:20 IST,48,25.50,43.00,"25.23

",,,,
2021-04-21 15:56:03 IST,49,25.50,43.00,"25.23

",,,,
2021-04-21 15:56:24 IST,50,25.60,43.00,"25.34

",,,,
2021-04-21 15:56:46 IST,51,25.60,43.00,"25.34

",,,,
2021-04-21 15:57:50 IST,52,25.80,43.00,"25.56

",,,,
2021-04-21 15:58:11 IST,53,25.40,43.00,"25.12

",,,,
2021-04-21 15:58:33 IST,54,25.90,42.00,"25.64

",,,,
2021-04-21 15:58:55 IST,55,25.90,43.00,"25.67

",,,,
2021-04-21 15:59:27 IST,56,25.90,42.00,"25.64

",,,,
2021-04-21 16:00:20 IST,57,26.00,43.00,"25.78

",,,,
2021-04-21 16:00:41 IST,58,25.90,42.00,"25.64

",,,,
2021-04-21 16:01:13 IST,59,25.90,42.00,"25.64

",,,,
2021-04-21 16:01:35 IST,60,25.80,42.00,"25.53

",,,,
2021-04-21 16:01:57 IST,61,25.80,42.00,"25.53

",,,,
2021-04-21 16:02:18 IST,62,25.90,42.00,"25.64

",,,,
2021-04-21 16:02:50 IST,63,26.00,43.00,"25.78

",,,,
2021-04-21 16:04:05 IST,64,25.90,42.00,"25.64

",,,,
2021-04-21 16:04:37 IST,65,25.90,42.00,"25.64

",,,,
2021-04-21 16:04:59 IST,66,26.00,43.00,"25.78

",,,,
2021-04-21 16:05:31 IST,67,26.00,43.00,"25.78

",,,,
2021-04-21 16:06:24 IST,68,25.80,42.00,"25.53

",,,,
2021-04-21 16:06:56 IST,69,25.70,42.00,"25.42

",,,,
2021-04-21 16:07:29 IST,70,25.80,42.00,"25.53

",,,,
2021-04-21 16:08:54 IST,71,25.70,42.00,"25.42

",,,,
2021-04-21 16:09:48 IST,72,25.70,42.00,"25.42

",,,,
2021-04-21 16:10:42 IST,73,25.70,42.00,"25.42

",,,,
2021-04-21 16:11:35 IST,74,25.80,42.00,"25.53

",,,,
2021-04-21 16:13:33 IST,75,25.80,42.00,"25.53

",,,,
2021-04-21 16:14:05 IST,76,25.80,42.00,"25.53

",,,,
2021-04-21 16:14:48 IST,77,25.80,42.00,"25.53

",,,,
2021-04-21 16:16:03 IST,78,26.20,42.00,"25.97

",,,,
2021-04-21 16:16:35 IST,79,26.30,41.00,"26.06

",,,,
2021-04-21 16:17:50 IST,80,26.70,40.00,"26.65

",,,,
2021-04-21 16:18:43 IST,81,26.80,40.00,"26.72

",,,,
2021-04-21 16:19:15 IST,82,26.80,40.00,"26.72

",,,,
2021-04-21 16:20:35 IST,83,26.80,40.00,"26.72

",,,,
2021-04-21 16:21:07 IST,84,26.80,40.00,"26.72

",,,,
2021-04-21 16:21:50 IST,85,26.50,40.00,"26.52

",,,,
2021-04-21 16:23:05 IST,86,26.30,40.00,"26.03

",,,,
2021-04-21 16:23:47 IST,87,26.30,40.00,"26.03

",,,,
2021-04-21 16:24:30 IST,88,26.20,41.00,"25.95

",,,,
2021-04-21 16:25:23 IST,89,26.30,42.00,"26.08

",,,,
2021-04-21 16:25:56 IST,90,26.40,42.00,"26.53

",,,,
2021-04-21 16:27:10 IST,91,26.60,42.00,"26.67

",,,,
2021-04-21 16:28:04 IST,92,26.80,42.00,"26.81

",,,,
2021-04-21 16:28:26 IST,93,26.80,41.00,"26.77

",,,,
2021-04-21 16:29:08 IST,94,26.70,41.00,"26.70

",,,,
2021-04-21 16:29:30 IST,95,26.80,42.00,"26.81

",,,,
2021-04-21 16:29:52 IST,96,26.80,41.00,"26.77

",,,,
2021-04-21 16:30:13 IST,97,26.60,41.00,"26.63

",,,,
2021-04-21 16:30:46 IST,98,26.60,42.00,"26.67

",,,,
2021-04-21 16:31:08 IST,99,26.60,42.00,"26.67

",,,,
2021-04-21 16:31:51 IST,100,26.60,42.00,"26.67

",,,,
2021-04-21 16:32:34 IST,101,26.60,42.00,"26.67

",,,,
2021-04-21 16:33:07 IST,102,26.50,42.00,"26.60

",,,,
2021-04-21 16:33:50 IST,103,26.50,42.00,"26.60

",,,,
2021-04-21 16:34:22 IST,104,26.50,42.00,"26.60

",,,,
2021-04-21 16:34:44 IST,105,26.50,42.00,"26.60

",,,,
2021-04-21 16:35:05 IST,106,26.50,42.00,"26.60

",,,,
2021-04-21 16:35:27 IST,107,26.50,42.00,"26.60

",,,,
2021-04-21 16:36:10 IST,108,26.30,42.00,"26.08

",,,,
2021-04-21 16:36:32 IST,109,26.30,42.00,"26.08

",,,,
2021-04-21 16:37:47 IST,110,26.30,42.00,"26.08

",,,,
2021-04-21 16:38:20 IST,111,26.20,42.00,"25.97

",,,,
2021-04-21 16:38:41 IST,112,26.20,42.00,"25.97

",,,,
2021-04-21 16:39:03 IST,113,26.10,42.00,"25.86

",,,,
2021-04-21 16:39:25 IST,114,26.20,42.00,"25.97

",,,,
2021-04-21 16:40:29 IST,115,26.60,41.00,"26.63

",,,,
2021-04-21 16:40:50 IST,116,26.70,41.00,"26.70

",,,,
2021-04-21 16:41:54 IST,117,26.80,40.00,"26.72

",,,,
2021-04-21 16:42:27 IST,118,26.80,40.00,"26.72

",,,,
2021-04-21 16:44:03 IST,119,26.20,41.00,"25.95

",,,,
2021-04-21 16:44:24 IST,120,26.20,41.00,"25.95

",,,,
2021-04-21 16:44:46 IST,121,26.00,42.00,"25.75

",,,,
2021-04-21 16:45:18 IST,122,26.00,42.00,"25.75

",,,,
2021-04-21 16:46:01 IST,123,25.90,41.00,"25.62

",,,,
2021-04-21 16:46:23 IST,124,25.90,41.00,"25.62

",,,,
2021-04-21 16:47:49 IST,125,25.80,41.00,"25.51

",,,,
2021-04-21 16:49:18 IST,126,25.80,41.00,"25.51

",,,,
2021-04-21 16:49:40 IST,127,25.70,41.00,"25.40

",,,,
2021-04-21 16:50:23 IST,128,25.70,41.00,"25.40

",,,,
2021-04-21 16:52:47 IST,129,25.60,41.00,"25.29

",,,,
2021-04-21 16:53:40 IST,130,25.60,41.00,"25.29

",,,,
2021-04-21 16:54:13 IST,131,25.60,41.00,"25.29

",,,,
2021-04-21 16:54:34 IST,132,25.60,41.00,"25.29

",,,,
2021-04-21 16:55:28 IST,133,25.60,41.00,"25.29

",,,,
2021-04-21 16:55:49 IST,134,25.60,41.00,"25.29

",,,,
2021-04-21 16:57:04 IST,135,25.60,41.00,"25.29

",,,,
2021-04-21 16:57:26 IST,136,25.60,41.00,"25.29

",,,,
2021-04-21 16:57:58 IST,137,25.50,41.00,"25.18

",,,,
2021-04-21 16:59:02 IST,138,25.60,41.00,"25.29

",,,,
2021-04-21 16:59:34 IST,139,25.50,41.00,"25.18

",,,,
2021-04-21 17:01:11 IST,140,25.50,41.00,"25.18

",,,,
2021-04-21 17:01:32 IST,141,25.40,41.00,"25.07

",,,,
2021-04-21 17:02:15 IST,142,25.40,41.00,"25.07

",,,,
2021-04-21 17:02:47 IST,143,25.40,41.00,"25.07

",,,,
2021-04-21 17:03:51 IST,144,25.40,41.00,"25.07

",,,,
2021-04-21 17:04:24 IST,145,25.40,41.00,"25.07

",,,,
2021-04-21 17:05:07 IST,146,25.40,41.00,"25.07

",,,,
2021-04-21 17:05:40 IST,147,25.40,41.00,"25.07

",,,,
2021-04-21 17:06:12 IST,148,25.40,41.00,"25.07

",,,,
2021-04-21 17:06:55 IST,149,25.50,41.00,"25.18

",,,,
2021-04-21 17:07:27 IST,150,25.40,41.00,"25.07

",,,,
2021-04-21 17:07:49 IST,151,25.20,41.00,"24.85

",,,,
2021-04-21 17:08:10 IST,152,25.40,41.00,"25.07

",,,,
2021-04-21 17:08:32 IST,153,25.40,41.00,"25.07

",,,,
2021-04-21 17:09:04 IST,154,25.50,41.00,"25.18

",,,,
2021-04-21 17:09:36 IST,155,25.50,41.00,"25.18

",,,,
2021-04-21 17:10:19 IST,156,25.20,41.00,"24.85

",,,,
2021-04-21 17:10:41 IST,157,25.50,41.00,"25.18

",,,,
2021-04-21 17:11:35 IST,158,25.40,41.00,"25.07

",,,,
2021-04-21 17:12:07 IST,159,25.40,41.00,"25.07

",,,,
2021-04-21 17:13:11 IST,160,25.40,41.00,"25.07

",,,,
2021-04-21 17:14:37 IST,161,25.40,41.00,"25.07

",,,,
2021-04-21 17:14:58 IST,162,25.50,42.00,"25.20

",,,,
2021-04-21 17:15:20 IST,163,25.50,41.00,"25.18

",,,,
2021-04-21 17:15:52 IST,164,25.50,41.00,"25.18

",,,,
2021-04-21 17:16:45 IST,165,25.50,41.00,"25.18

",,,,
2021-04-21 17:17:28 IST,166,25.40,41.00,"25.07

",,,,
2021-04-21 17:17:50 IST,167,25.70,41.00,"25.40

",,,,
2021-04-21 17:18:11 IST,168,25.30,41.00,"24.96

",,,,
2021-04-21 17:18:33 IST,169,25.40,41.00,"25.07

",,,,
2021-04-21 17:18:54 IST,170,25.40,41.00,"25.07

",,,,
2021-04-21 17:19:16 IST,171,25.30,41.00,"24.96

",,,,
2021-04-21 17:19:37 IST,172,25.30,41.00,"24.96

",,,,
2021-04-21 17:19:59 IST,173,25.30,42.00,"24.98

",,,,
2021-04-21 17:20:20 IST,174,25.30,42.00,"24.98

",,,,
2021-04-21 17:20:52 IST,175,25.40,42.00,"25.09

",,,,
2021-04-21 17:21:14 IST,176,25.40,42.00,"25.09

",,,,
2021-04-21 17:21:35 IST,177,25.70,41.00,"25.40

",,,,
2021-04-21 17:21:57 IST,178,25.40,41.00,"25.07

",,,,
2021-04-21 17:22:18 IST,179,25.40,41.00,"25.07

",,,,
2021-04-21 17:22:39 IST,180,25.10,41.00,"24.74

",,,,
2021-04-21 17:23:01 IST,181,25.40,41.00,"25.07

",,,,
2021-04-21 17:23:22 IST,182,25.40,41.00,"25.07

",,,,
2021-04-21 17:23:44 IST,183,25.30,41.00,"24.96

",,,,
2021-04-21 17:24:05 IST,184,25.30,41.00,"24.96

",,,,
2021-04-21 17:24:27 IST,185,25.30,41.00,"24.96

",,,,
2021-04-21 17:24:48 IST,186,25.20,41.00,"24.85

",,,,
2021-04-21 17:25:09 IST,187,25.10,41.00,"24.74

",,,,
2021-04-21 17:25:31 IST,188,25.20,41.00,"24.85

",,,,
2021-04-21 17:25:52 IST,189,25.10,42.00,"24.76

",,,,
2021-04-21 17:26:14 IST,190,25.00,41.00,"24.63

",,,,
2021-04-21 17:26:46 IST,191,25.10,42.00,"24.76

",,,,
2021-04-21 17:27:08 IST,192,25.00,41.00,"24.63

",,,,
2021-04-21 17:27:29 IST,193,25.00,41.00,"24.63

",,,,
2021-04-21 17:27:50 IST,194,25.00,41.00,"24.63

",,,,
2021-04-21 17:28:12 IST,195,24.90,42.00,"24.54

",,,,
2021-04-21 17:28:34 IST,196,24.90,42.00,"24.54

",,,,
2021-04-21 17:28:55 IST,197,24.90,41.00,"24.52

",,,,
2021-04-21 17:29:16 IST,198,24.90,42.00,"24.54

",,,,
2021-04-21 17:29:38 IST,199,24.90,42.00,"24.54

",,,,
2021-04-21 17:30:00 IST,200,24.90,41.00,"24.52

",,,,
2021-04-21 17:30:21 IST,201,25.20,42.00,"24.87

",,,,
2021-04-21 17:30:42 IST,202,24.80,41.00,"24.41

",,,,
2021-04-21 17:31:15 IST,203,24.80,41.00,"24.41

",,,,
2021-04-21 17:31:36 IST,204,24.80,41.00,"24.41

",,,,
2021-04-21 17:31:57 IST,205,24.80,42.00,"24.43

",,,,
2021-04-21 17:32:19 IST,206,24.80,41.00,"24.41

",,,,
2021-04-21 17:32:40 IST,207,24.80,42.00,"24.43

",,,,
2021-04-21 17:33:02 IST,208,24.80,42.00,"24.43

",,,,
2021-04-21 17:33:23 IST,209,24.80,41.00,"24.41

",,,,
2021-04-21 17:33:45 IST,210,24.70,42.00,"24.32

",,,,
2021-04-21 17:34:06 IST,211,24.80,42.00,"24.43

",,,,
2021-04-21 17:34:28 IST,212,24.70,42.00,"24.32

",,,,
2021-04-21 17:34:49 IST,213,24.40,42.00,"23.99

",,,,
2021-04-21 17:35:11 IST,214,24.70,42.00,"24.32

",,,,
2021-04-21 17:35:32 IST,215,24.70,42.00,"24.32

",,,,
2021-04-21 17:35:54 IST,216,24.80,42.00,"24.43

",,,,
2021-04-21 17:36:15 IST,217,24.90,41.00,"24.52

",,,,
2021-04-21 17:36:36 IST,218,25.50,41.00,"25.18

",,,,
2021-04-21 17:36:58 IST,219,25.80,40.00,"25.48

",,,,
2021-04-21 17:37:19 IST,220,26.20,40.00,"25.92

",,,,
2021-04-21 17:37:41 IST,221,26.60,40.00,"26.58

",,,,
2021-04-21 17:38:02 IST,222,26.90,39.00,"26.74

",,,,
2021-04-21 17:38:24 IST,223,27.20,38.00,"26.91

",,,,
2021-04-21 17:38:56 IST,224,27.60,37.00,"27.15

",,,,
2021-04-21 17:39:17 IST,225,27.90,37.00,"27.39

",,,,
2021-04-21 17:39:50 IST,226,28.30,37.00,"27.72

",,,,
2021-04-21 17:40:11 IST,227,28.60,37.00,"27.98

",,,,
2021-04-21 17:40:33 IST,228,28.80,36.00,"28.09

",,,,
2021-04-21 17:40:54 IST,229,29.00,37.00,"28.35

",,,,
2021-04-21 17:41:16 IST,230,29.10,36.00,"28.37

",,,,
2021-04-21 17:42:20 IST,231,29.60,35.00,"28.77

",,,,
2021-04-21 17:42:42 IST,232,29.80,35.00,"28.96

",,,,
2021-04-21 17:43:25 IST,233,30.30,34.00,"29.38

",,,,
2021-04-21 17:43:57 IST,234,30.30,34.00,"29.38

",,,,
2021-04-21 17:44:19 IST,235,30.40,34.00,"29.49

",,,,
2021-04-21 17:44:41 IST,236,30.50,34.00,"29.59

",,,,
2021-04-21 17:45:03 IST,237,30.60,33.00,"29.60

",,,,
2021-04-21 17:45:35 IST,238,30.80,33.00,"29.81

",,,,
2021-04-21 17:45:57 IST,239,30.90,33.00,"29.92

",,,,
2021-04-21 17:46:19 IST,240,31.00,34.00,"30.14

",,,,
2021-04-21 17:47:02 IST,241,31.10,34.00,"30.25

",,,,
2021-04-21 17:47:23 IST,242,31.20,34.00,"30.37

",,,,
2021-04-21 17:47:55 IST,243,31.30,34.00,"30.48

",,,,
2021-04-21 17:48:38 IST,244,31.40,33.00,"30.48

",,,,
2021-04-21 17:49:00 IST,245,31.50,33.00,"30.60

",,,,
2021-04-21 17:49:22 IST,246,31.50,33.00,"30.60

",,,,
2021-04-21 17:49:54 IST,247,31.60,33.00,"30.71

",,,,
2021-04-21 17:50:26 IST,248,31.70,33.00,"30.83

",,,,
2021-04-21 17:51:10 IST,249,32.00,33.00,"31.19

",,,,
2021-04-21 17:51:31 IST,250,31.80,33.00,"30.95

",,,,
2021-04-21 17:52:04 IST,251,31.80,33.00,"30.95

",,,,
2021-04-21 17:52:36 IST,252,32.10,33.00,"31.31

",,,,
2021-04-21 17:52:58 IST,253,31.90,33.00,"31.07

",,,,
2021-04-21 17:53:30 IST,254,32.00,33.00,"31.19

",,,,
2021-04-21 17:53:53 IST,255,32.00,33.00,"31.19

",,,,
2021-04-21 17:54:25 IST,256,32.30,33.00,"31.56

",,,,
2021-04-21 17:54:46 IST,257,32.10,33.00,"31.31

",,,,
2021-04-21 17:55:29 IST,258,32.30,33.00,"31.56

",,,,
2021-04-21 17:55:51 IST,259,32.20,33.00,"31.43

",,,,
2021-04-21 17:56:23 IST,260,32.00,33.00,"31.19

",,,,
2021-04-21 17:56:45 IST,261,32.30,33.00,"31.56

",,,,
2021-04-21 17:58:00 IST,262,32.50,33.00,"31.81

",,,,
2021-04-21 17:58:54 IST,263,32.60,33.00,"31.94

",,,,
2021-04-21 17:59:37 IST,264,32.00,33.00,"31.19

",,,,
2021-04-21 17:59:59 IST,265,32.50,33.00,"31.81

",,,,
2021-04-21 18:00:21 IST,266,32.50,33.00,"31.81

",,,,
2021-04-21 18:01:04 IST,267,32.80,33.00,"32.20

",,,,
2021-04-21 18:01:47 IST,268,32.60,33.00,"31.94

",,,,
2021-04-21 18:02:09 IST,269,33.00,34.00,"32.63

",,,,
2021-04-21 18:02:41 IST,270,32.80,33.00,"32.20

",,,,
2021-04-21 18:03:24 IST,271,32.90,33.00,"32.33

",,,,
2021-04-21 18:03:56 IST,272,32.90,33.00,"32.33

",,,,
2021-04-21 18:04:18 IST,273,33.20,34.00,"32.90

",,,,
2021-04-21 18:05:12 IST,274,32.80,33.00,"32.20

",,,,
2021-04-21 18:05:55 IST,275,32.60,34.00,"32.09

",,,,
2021-04-21 18:06:17 IST,276,32.20,34.00,"31.58

",,,,
2021-04-21 18:06:39 IST,277,32.70,34.00,"32.22

",,,,
2021-04-21 18:07:01 IST,278,32.90,34.00,"32.49

",,,,
2021-04-21 18:07:33 IST,279,32.60,34.00,"32.09

",,,,
2021-04-21 18:07:55 IST,280,32.90,34.00,"32.49

",,,,
2021-04-21 18:08:27 IST,281,32.70,34.00,"32.22

",,,,
2021-04-21 18:08:49 IST,282,32.30,34.00,"31.70

",,,,
2021-04-21 18:09:11 IST,283,33.30,35.00,"33.22

",,,,
2021-04-21 18:09:43 IST,284,33.10,35.00,"32.94

",,,,
2021-04-21 18:10:16 IST,285,32.90,33.00,"32.33

",,,,
2021-04-21 18:10:38 IST,286,33.00,35.00,"32.80

",,,,
2021-04-21 18:11:21 IST,287,32.90,34.00,"32.49

",,,,
2021-04-21 18:11:43 IST,288,32.50,34.00,"31.96

",,,,
2021-04-21 18:12:04 IST,289,32.90,34.00,"32.49

",,,,
2021-04-21 18:12:37 IST,290,33.10,35.00,"32.94

",,,,
2021-04-21 18:12:58 IST,291,32.80,34.00,"32.36

",,,,
2021-04-21 18:13:31 IST,292,32.90,34.00,"32.49

",,,,
2021-04-21 18:14:03 IST,293,33.00,35.00,"32.80

",,,,
2021-04-21 18:14:46 IST,294,32.80,34.00,"32.36

",,,,
2021-04-21 18:15:08 IST,295,32.70,34.00,"32.22

",,,,
2021-04-21 18:15:40 IST,296,33.00,35.00,"32.80

",,,,
2021-04-21 18:16:02 IST,297,33.00,35.00,"32.80

",,,,
2021-04-21 18:16:35 IST,298,32.90,34.00,"32.49

",,,,
2021-04-21 18:16:57 IST,299,33.00,35.00,"32.80

",,,,
2021-04-21 18:17:50 IST,300,33.10,35.00,"32.94

",,,,
2021-04-21 18:18:12 IST,301,33.10,35.00,"32.94

",,,,
2021-04-21 18:18:44 IST,302,33.00,35.00,"32.80

",,,,
2021-04-21 18:19:27 IST,303,33.00,35.00,"32.80

",,,,
2021-04-21 18:19:49 IST,304,33.00,35.00,"32.80

",,,,
2021-04-21 18:20:10 IST,305,33.20,35.00,"33.08

",,,,
2021-04-21 18:20:32 IST,306,33.20,35.00,"33.08

",,,,
2021-04-21 18:21:05 IST,307,33.10,35.00,"32.94

",,,,
2021-04-21 18:21:27 IST,308,33.20,35.00,"33.08

",,,,
2021-04-21 18:22:31 IST,309,33.30,35.00,"33.22

",,,,
2021-04-21 18:22:53 IST,310,33.30,35.00,"33.22

",,,,
2021-04-21 18:23:26 IST,311,33.30,35.00,"33.22

",,,,
2021-04-21 18:23:58 IST,312,33.30,35.00,"33.22

",,,,
2021-04-21 18:24:41 IST,313,33.30,35.00,"33.22

",,,,
2021-04-21 18:25:14 IST,314,33.30,35.00,"33.22

",,,,
2021-04-21 18:25:57 IST,315,33.30,35.00,"33.22

",,,,
2021-04-21 18:27:01 IST,316,33.30,35.00,"33.22

",,,,
2021-04-21 18:27:23 IST,317,33.40,35.00,"33.37

",,,,
2021-04-21 18:27:45 IST,318,33.40,35.00,"33.37

",,,,
2021-04-21 18:28:07 IST,319,33.30,35.00,"33.22

",,,,
2021-04-21 18:28:29 IST,320,33.30,35.00,"33.22

",,,,
2021-04-21 18:29:01 IST,321,33.30,35.00,"33.22

",,,,
2021-04-21 18:29:23 IST,322,33.30,35.00,"33.22

",,,,
2021-04-21 18:29:45 IST,323,33.30,35.00,"33.22

",,,,
2021-04-21 18:30:07 IST,324,33.40,35.00,"33.37

",,,,
2021-04-21 18:31:22 IST,325,33.30,35.00,"33.22

",,,,
2021-04-21 18:32:26 IST,326,33.50,36.00,"33.71

",,,,
2021-04-21 18:32:48 IST,327,33.40,36.00,"33.56

",,,,
2021-04-21 18:33:10 IST,328,33.40,36.00,"33.56

",,,,
2021-04-21 18:33:32 IST,329,33.30,36.00,"33.42

",,,,
2021-04-21 18:33:53 IST,330,33.40,36.00,"33.56

",,,,
2021-04-21 18:34:15 IST,331,33.10,37.00,"33.32

",,,,
2021-04-21 18:34:37 IST,332,33.40,36.00,"33.56

",,,,
2021-04-21 18:34:59 IST,333,33.30,36.00,"33.42

",,,,
2021-04-21 18:35:52 IST,334,33.30,37.00,"33.62

",,,,
2021-04-21 18:36:24 IST,335,33.40,37.00,"33.77

",,,,
2021-04-21 18:36:57 IST,336,33.40,37.00,"33.77

",,,,
2021-04-21 18:37:19 IST,337,33.30,38.00,"33.82

",,,,
2021-04-21 18:37:40 IST,338,32.90,38.00,"33.22

",,,,
2021-04-21 18:38:01 IST,339,32.50,38.00,"32.63

",,,,
2021-04-21 18:38:23 IST,340,32.10,39.00,"32.24

",,,,
2021-04-21 18:38:44 IST,341,31.80,40.00,"31.99

",,,,
2021-04-21 18:39:06 IST,342,31.50,41.00,"31.74

",,,,
2021-04-21 18:39:27 IST,343,31.20,42.00,"31.49

",,,,
2021-04-21 18:39:49 IST,344,31.00,42.00,"31.21

",,,,
2021-04-21 18:40:10 IST,345,30.80,41.00,"30.80

",,,,
2021-04-21 18:40:32 IST,346,30.50,41.00,"30.41

",,,,
2021-04-21 18:40:53 IST,347,30.40,42.00,"30.42

",,,,
2021-04-21 18:41:14 IST,348,30.20,42.00,"30.17

",,,,
2021-04-21 18:41:36 IST,349,30.10,42.00,"30.05

",,,,
2021-04-21 18:41:57 IST,350,30.00,42.00,"29.93

",,,,
2021-04-21 18:42:19 IST,351,29.80,42.00,"29.69

",,,,
2021-04-21 18:42:40 IST,352,29.80,42.00,"29.69

",,,,
2021-04-21 18:43:02 IST,353,29.70,42.00,"29.57

",,,,
2021-04-21 18:43:23 IST,354,29.50,42.00,"29.34

",,,,
2021-04-21 18:43:44 IST,355,29.50,42.00,"29.34

",,,,
2021-04-21 18:44:06 IST,356,29.40,42.00,"29.23

",,,,
2021-04-21 18:44:27 IST,357,29.30,42.00,"29.12

",,,,
2021-04-21 18:44:49 IST,358,29.30,42.00,"29.12

",,,,
2021-04-21 18:45:10 IST,359,29.20,42.00,"29.01

",,,,
2021-04-21 18:45:32 IST,360,29.10,42.00,"28.90

",,,,
2021-04-21 18:45:53 IST,361,29.00,42.00,"28.79

",,,,
2021-04-21 18:46:15 IST,362,29.00,42.00,"28.79

",,,,
2021-04-21 18:46:36 IST,363,28.90,41.00,"28.59

",,,,
2021-04-21 18:46:57 IST,364,28.80,41.00,"28.49

",,,,
2021-04-21 18:47:19 IST,365,28.70,41.00,"28.39

",,,,
2021-04-21 18:47:40 IST,366,28.70,41.00,"28.39

",,,,
2021-04-21 18:48:02 IST,367,28.60,41.00,"28.29

",,,,
2021-04-21 18:48:23 IST,368,28.60,41.00,"28.29

",,,,
2021-04-21 18:48:45 IST,369,28.50,41.00,"28.20

",,,,
2021-04-21 18:49:06 IST,370,28.50,41.00,"28.20

",,,,
2021-04-21 18:49:27 IST,371,28.40,41.00,"28.10

",,,,
2021-04-21 18:49:49 IST,372,28.30,41.00,"28.01

",,,,
2021-04-21 18:50:10 IST,373,28.30,41.00,"28.01

",,,,
2021-04-21 18:50:32 IST,374,28.30,41.00,"28.01

",,,,
2021-04-21 18:50:53 IST,375,28.60,41.00,"28.29

",,,,
2021-04-21 18:51:15 IST,376,28.30,41.00,"28.01

",,,,
2021-04-21 18:51:36 IST,377,28.20,41.00,"27.91

",,,,
2021-04-21 18:51:57 IST,378,28.70,41.00,"28.39

",,,,
2021-04-21 18:52:19 IST,379,28.20,41.00,"27.91

",,,,
2021-04-21 18:52:40 IST,380,28.20,41.00,"27.91

",,,,
2021-04-21 18:53:02 IST,381,28.20,41.00,"27.91

",,,,
2021-04-21 18:53:23 IST,382,28.20,42.00,"27.99

",,,,
2021-04-21 18:53:45 IST,383,28.00,42.00,"27.80

",,,,
2021-04-21 18:54:06 IST,384,28.10,42.00,"27.90

",,,,
2021-04-21 18:54:27 IST,385,28.00,42.00,"27.80

",,,,
2021-04-21 18:54:49 IST,386,27.90,41.00,"27.64

",,,,
2021-04-21 18:55:10 IST,387,27.80,41.00,"27.56

",,,,
2021-04-21 18:55:32 IST,388,27.70,41.00,"27.47

",,,,
2021-04-21 18:55:53 IST,389,27.60,41.00,"27.39

",,,,
2021-04-21 18:56:15 IST,390,27.60,41.00,"27.39

",,,,
2021-04-21 18:56:36 IST,391,27.50,41.00,"27.30

",,,,
2021-04-21 18:56:58 IST,392,27.60,41.00,"27.39

",,,,
2021-04-21 18:57:19 IST,393,27.40,41.00,"27.22

",,,,
2021-04-21 18:57:41 IST,394,27.40,41.00,"27.22

",,,,
2021-04-21 18:58:02 IST,395,27.40,41.00,"27.22

",,,,
2021-04-21 18:58:24 IST,396,27.30,41.00,"27.14

",,,,
2021-04-21 18:58:45 IST,397,27.10,41.00,"26.99

",,,,
2021-04-21 18:59:06 IST,398,27.10,41.00,"26.99

",,,,
2021-04-21 18:59:28 IST,399,27.10,41.00,"26.99

",,,,
2021-04-21 18:59:49 IST,400,27.00,41.00,"26.91

",,,,
2021-04-21 19:00:11 IST,401,27.00,41.00,"26.91

",,,,
2021-04-21 19:00:32 IST,402,27.00,41.00,"26.91

",,,,
2021-04-21 19:01:04 IST,403,26.90,41.00,"26.84

",,,,
2021-04-21 19:01:48 IST,404,26.90,41.00,"26.84

",,,,
2021-04-21 19:02:09 IST,405,26.80,41.00,"26.77

",,,,
2021-04-21 19:02:31 IST,406,26.80,41.00,"26.77

",,,,
2021-04-21 19:03:03 IST,407,26.90,41.00,"26.84

",,,,
2021-04-21 19:03:25 IST,408,26.80,41.00,"26.77

",,,,
2021-04-21 19:03:47 IST,409,26.60,41.00,"26.63

",,,,
2021-04-21 19:04:19 IST,410,26.60,41.00,"26.63

",,,,
2021-04-21 19:05:03 IST,411,26.60,42.00,"26.67

",,,,
2021-04-21 19:05:35 IST,412,26.60,42.00,"26.67

",,,,
2021-04-21 19:06:07 IST,413,26.50,42.00,"26.60

",,,,
2021-04-21 19:06:40 IST,414,26.80,42.00,"26.81

",,,,
2021-04-21 19:07:12 IST,415,26.50,42.00,"26.60

",,,,
2021-04-21 19:07:55 IST,416,26.40,42.00,"26.53

",,,,
2021-04-21 19:08:27 IST,417,26.40,42.00,"26.53

",,,,
2021-04-21 19:08:49 IST,418,26.40,42.00,"26.53

",,,,
2021-04-21 19:09:11 IST,419,26.30,41.00,"26.06

",,,,
2021-04-21 19:09:33 IST,420,26.10,41.00,"25.84

",,,,
2021-04-21 19:10:05 IST,421,26.30,41.00,"26.06

",,,,
2021-04-21 19:10:37 IST,422,26.30,41.00,"26.06

",,,,
2021-04-21 19:10:59 IST,423,26.30,42.00,"26.08

",,,,
2021-04-21 19:11:21 IST,424,26.20,42.00,"25.97

",,,,
2021-04-21 19:11:43 IST,425,26.30,42.00,"26.08

",,,,
2021-04-21 19:12:26 IST,426,26.20,42.00,"25.97

",,,,
2021-04-21 19:13:09 IST,427,26.20,42.00,"25.97

",,,,
2021-04-21 19:13:31 IST,428,26.20,42.00,"25.97

",,,,
2021-04-21 19:14:14 IST,429,26.20,42.00,"25.97

",,,,
2021-04-21 19:14:35 IST,430,26.20,42.00,"25.97

",,,,
2021-04-21 19:14:57 IST,431,26.20,42.00,"25.97

",,,,
2021-04-21 19:15:29 IST,432,26.20,42.00,"25.97

",,,,
2021-04-21 19:16:02 IST,433,26.10,42.00,"25.86

",,,,
2021-04-21 19:16:34 IST,434,26.10,42.00,"25.86

",,,,
2021-04-21 19:16:56 IST,435,26.00,42.00,"25.75

",,,,
2021-04-21 19:17:49 IST,436,26.00,42.00,"25.75

",,,,
2021-04-21 19:18:32 IST,437,26.00,42.00,"25.75

",,,,
2021-04-21 19:19:05 IST,438,26.00,42.00,"25.75

",,,,
2021-04-21 19:19:27 IST,439,25.90,41.00,"25.62

",,,,
2021-04-21 19:19:50 IST,440,26.00,42.00,"25.75

",,,,
2021-04-21 19:20:33 IST,441,25.90,41.00,"25.62

",,,,
2021-04-21 19:20:55 IST,442,25.90,41.00,"25.62

",,,,
2021-04-21 19:21:16 IST,443,25.90,41.00,"25.62

",,,,
2021-04-21 19:21:38 IST,444,25.90,41.00,"25.62

",,,,
2021-04-21 19:22:10 IST,445,25.80,40.00,"25.48

",,,,
2021-04-21 19:23:04 IST,446,25.80,41.00,"25.51

",,,,
2021-04-21 19:23:25 IST,447,25.80,41.00,"25.51

",,,,
2021-04-21 19:23:47 IST,448,25.80,41.00,"25.51

",,,,
2021-04-21 19:24:19 IST,449,25.80,41.00,"25.51

",,,,
2021-04-21 19:24:51 IST,450,25.80,41.00,"25.51

",,,,
2021-04-21 19:25:13 IST,451,25.80,41.00,"25.51

",,,,
2021-04-21 19:25:46 IST,452,25.80,41.00,"25.51

",,,,
2021-04-21 19:27:12 IST,453,25.70,41.00,"25.40

",,,,
2021-04-21 19:27:34 IST,454,25.60,40.00,"25.26

",,,,
2021-04-21 19:28:06 IST,455,25.60,40.00,"25.26

",,,,
2021-04-21 19:28:28 IST,456,25.60,41.00,"25.29

",,,,
2021-04-21 19:29:00 IST,457,25.60,41.00,"25.29

",,,,
2021-04-21 19:29:43 IST,458,25.60,41.00,"25.29

",,,,
2021-04-21 19:30:36 IST,459,25.60,41.00,"25.29

",,,,
2021-04-21 19:30:58 IST,460,25.60,41.00,"25.29

",,,,
2021-04-21 19:31:19 IST,461,25.60,41.00,"25.29

",,,,
2021-04-21 19:31:41 IST,462,25.50,41.00,"25.18

",,,,
2021-04-21 19:32:02 IST,463,25.50,41.00,"25.18

",,,,
2021-04-21 19:32:34 IST,464,25.50,41.00,"25.18

",,,,
2021-04-21 19:33:06 IST,465,25.50,41.00,"25.18

",,,,
2021-04-21 19:33:39 IST,466,25.50,41.00,"25.18

",,,,
2021-04-21 19:34:11 IST,467,25.50,41.00,"25.18

",,,,
2021-04-21 19:35:04 IST,468,25.50,41.00,"25.18

",,,,
2021-04-21 19:35:26 IST,469,25.10,41.00,"24.74

",,,,
2021-04-21 19:35:48 IST,470,25.50,41.00,"25.18

",,,,
2021-04-21 19:36:10 IST,471,25.50,41.00,"25.18

",,,,
2021-04-21 19:36:32 IST,472,25.50,41.00,"25.18

",,,,
2021-04-21 19:37:14 IST,473,25.60,41.00,"25.29

",,,,
2021-04-21 19:37:36 IST,474,25.50,40.00,"25.15

",,,,
2021-04-21 19:37:58 IST,475,25.40,41.00,"25.07

",,,,
2021-04-21 19:38:40 IST,476,25.40,41.00,"25.07

",,,,
2021-04-21 19:39:02 IST,477,25.30,41.00,"24.96

",,,,
2021-04-21 19:39:35 IST,478,25.30,41.00,"24.96

",,,,
2021-04-21 19:40:29 IST,479,25.30,41.00,"24.96

",,,,
2021-04-21 19:41:01 IST,480,25.30,41.00,"24.96

",,,,
2021-04-21 19:41:23 IST,481,25.30,41.00,"24.96

",,,,
2021-04-21 19:41:44 IST,482,25.30,41.00,"24.96

",,,,
2021-04-21 19:42:17 IST,483,25.30,41.00,"24.96

",,,,
2021-04-21 19:42:39 IST,484,25.30,42.00,"24.98

",,,,
2021-04-21 19:43:22 IST,485,25.30,42.00,"24.98

",,,,
2021-04-21 19:43:44 IST,486,25.30,42.00,"24.98

",,,,
2021-04-21 19:44:06 IST,487,25.30,42.00,"24.98

",,,,
2021-04-21 19:44:28 IST,488,25.30,42.00,"24.98

",,,,
2021-04-21 19:45:11 IST,489,25.30,42.00,"24.98

",,,,
2021-04-21 19:46:15 IST,490,25.30,42.00,"24.98

",,,,
2021-04-21 19:46:37 IST,491,25.40,42.00,"25.09

",,,,
2021-04-21 19:46:59 IST,492,25.30,42.00,"24.98

",,,,
2021-04-21 19:47:31 IST,493,25.30,42.00,"24.98

",,,,
2021-04-21 19:47:53 IST,494,25.40,42.00,"25.09

",,,,
2021-04-21 19:48:14 IST,495,25.30,42.00,"24.98

",,,,
2021-04-21 19:48:36 IST,496,25.30,42.00,"24.98

",,,,
2021-04-21 19:48:58 IST,497,25.30,42.00,"24.98

",,,,
2021-04-21 19:49:20 IST,498,25.40,42.00,"25.09

",,,,
2021-04-21 19:49:42 IST,499,25.40,42.00,"25.09

",,,,
2021-04-21 19:50:25 IST,500,25.40,42.00,"25.09

",,,,
2021-04-21 19:51:08 IST,501,25.30,42.00,"24.98

",,,,
2021-04-21 19:51:40 IST,502,25.30,42.00,"24.98

",,,,
2021-04-21 19:52:02 IST,503,25.30,42.00,"24.98

",,,,
2021-04-21 19:52:45 IST,504,25.30,42.00,"24.98

",,,,
2021-04-21 19:53:28 IST,505,25.30,42.00,"24.98

",,,,
2021-04-21 19:54:11 IST,506,25.30,42.00,"24.98

",,,,
2021-04-21 19:54:44 IST,507,25.30,42.00,"24.98

",,,,
2021-04-21 19:55:05 IST,508,25.30,42.00,"24.98

",,,,
2021-04-21 19:55:49 IST,509,25.20,42.00,"24.87

",,,,
2021-04-21 19:56:10 IST,510,25.30,42.00,"24.98

",,,,
2021-04-21 19:56:43 IST,511,25.30,42.00,"24.98

",,,,
2021-04-21 19:57:15 IST,512,25.20,42.00,"24.87

",,,,
2021-04-21 19:57:58 IST,513,25.30,42.00,"24.98

",,,,
2021-04-21 19:59:13 IST,514,25.30,42.00,"24.98

",,,,
2021-04-21 20:00:18 IST,515,25.30,41.00,"24.96

",,,,
2021-04-21 20:00:50 IST,516,25.30,42.00,"24.98

",,,,
2021-04-21 20:01:12 IST,517,25.30,41.00,"24.96

",,,,
2021-04-21 20:01:33 IST,518,25.30,41.00,"24.96

",,,,
2021-04-21 20:01:55 IST,519,25.30,41.00,"24.96

",,,,
2021-04-21 20:02:17 IST,520,25.30,42.00,"24.98

",,,,
2021-04-21 20:02:38 IST,521,24.90,42.00,"24.54

",,,,
2021-04-21 20:03:42 IST,522,25.30,41.00,"24.96

",,,,
2021-04-21 20:04:14 IST,523,25.30,41.00,"24.96

",,,,
2021-04-21 20:04:47 IST,524,25.30,41.00,"24.96

",,,,
2021-04-21 20:05:19 IST,525,25.30,42.00,"24.98

",,,,
2021-04-21 20:05:41 IST,526,25.10,42.00,"24.76

",,,,
2021-04-21 20:07:06 IST,527,24.80,43.00,"24.46

",,,,
2021-04-21 20:07:28 IST,528,24.70,43.00,"24.35

",,,,
2021-04-21 20:07:50 IST,529,24.70,43.00,"24.35

",,,,
2021-04-21 20:08:37 IST,530,24.80,43.00,"24.46

",,,,
2021-04-21 20:09:10 IST,531,24.60,43.00,"24.24

",,,,
2021-04-21 20:10:03 IST,532,24.60,43.00,"24.24

",,,,
2021-04-21 20:11:07 IST,533,24.60,43.00,"24.24

",,,,
2021-04-21 20:11:50 IST,534,24.50,43.00,"24.13

",,,,
2021-04-21 20:12:23 IST,535,24.50,43.00,"24.13

",,,,
2021-04-21 20:12:44 IST,536,24.50,43.00,"24.13

",,,,
2021-04-21 20:13:06 IST,537,24.40,44.00,"24.04

",,,,
2021-04-21 20:13:28 IST,538,24.50,43.00,"24.13

",,,,
2021-04-21 20:13:49 IST,539,24.70,43.00,"24.35

",,,,
2021-04-21 20:14:11 IST,540,24.30,44.00,"23.93

",,,,
2021-04-21 20:14:54 IST,541,24.40,44.00,"24.04

",,,,
2021-04-21 20:15:16 IST,542,24.40,44.00,"24.04

",,,,
2021-04-21 20:15:59 IST,543,24.40,44.00,"24.04

",,,,
2021-04-21 20:16:21 IST,544,24.30,44.00,"23.93

",,,,
2021-04-21 20:16:42 IST,545,24.30,44.00,"23.93

",,,,
2021-04-21 20:17:14 IST,546,24.30,44.00,"23.93

",,,,
2021-04-21 20:17:36 IST,547,24.30,44.00,"23.93

",,,,
2021-04-21 20:18:08 IST,548,24.30,44.00,"23.93

",,,,
2021-04-21 20:18:30 IST,549,24.30,44.00,"23.93

",,,,
2021-04-21 20:18:52 IST,550,24.30,44.00,"23.93

",,,,
2021-04-21 20:19:35 IST,551,24.30,44.00,"23.93

",,,,
2021-04-21 20:19:57 IST,552,24.30,44.00,"23.93

",,,,
2021-04-21 20:20:18 IST,553,24.30,44.00,"23.93

",,,,
2021-04-21 20:20:40 IST,554,24.10,44.00,"23.71

",,,,
2021-04-21 20:21:23 IST,555,24.20,44.00,"23.82

",,,,
2021-04-21 20:21:55 IST,556,24.20,44.00,"23.82

",,,,
2021-04-21 20:22:18 IST,557,24.20,44.00,"23.82

",,,,
2021-04-21 20:23:11 IST,558,24.20,45.00,"23.85

",,,,
2021-04-21 20:23:59 IST,559,24.10,44.00,"23.71

",,,,
2021-04-21 20:24:31 IST,560,24.10,44.00,"23.71

",,,,
2021-04-21 20:24:52 IST,561,24.10,44.00,"23.71

",,,,
2021-04-21 20:26:17 IST,562,24.00,45.00,"23.63

",,,,
2021-04-21 20:26:39 IST,563,24.00,45.00,"23.63

",,,,
2021-04-21 20:27:11 IST,564,24.00,45.00,"23.63

",,,,
2021-04-21 20:27:54 IST,565,23.90,45.00,"23.52

",,,,
2021-04-21 20:29:09 IST,566,23.80,45.00,"23.41

",,,,
2021-04-21 20:29:41 IST,567,23.90,45.00,"23.52

",,,,
2021-04-21 20:30:14 IST,568,24.20,45.00,"23.85

",,,,
2021-04-21 20:30:46 IST,569,23.80,45.00,"23.41

",,,,
2021-04-21 20:31:08 IST,570,23.80,45.00,"23.41

",,,,
2021-04-21 20:32:12 IST,571,23.90,45.00,"23.52

",,,,
2021-04-21 20:32:34 IST,572,23.90,45.00,"23.52

",,,,
2021-04-21 20:33:17 IST,573,23.90,45.00,"23.52

",,,,
2021-04-21 20:33:49 IST,574,23.90,45.00,"23.52

",,,,
2021-04-21 20:34:10 IST,575,23.90,45.00,"23.52

",,,,
2021-04-21 20:35:14 IST,576,23.80,45.00,"23.41

",,,,
2021-04-21 20:35:57 IST,577,23.80,45.00,"23.41

",,,,
2021-04-21 20:36:18 IST,578,23.80,45.00,"23.41

",,,,
2021-04-21 20:37:12 IST,579,23.80,45.00,"23.41

",,,,
2021-04-21 20:37:44 IST,580,23.80,45.00,"23.41

",,,,
2021-04-21 20:38:48 IST,581,23.90,45.00,"23.52

",,,,
2021-04-21 20:39:52 IST,582,23.90,45.00,"23.52

",,,,
2021-04-21 20:40:14 IST,583,23.90,45.00,"23.52

",,,,
2021-04-21 20:40:46 IST,584,23.90,45.00,"23.52

",,,,
2021-04-21 20:41:39 IST,585,23.80,45.00,"23.41

",,,,
2021-04-21 20:42:01 IST,586,23.80,45.00,"23.41

",,,,
2021-04-21 20:42:44 IST,587,23.90,45.00,"23.52

",,,,
2021-04-21 20:43:06 IST,588,23.90,45.00,"23.52

",,,,
2021-04-21 20:44:42 IST,589,23.90,45.00,"23.52

",,,,
2021-04-21 20:45:14 IST,590,23.90,45.00,"23.52

",,,,
2021-04-21 20:45:46 IST,591,23.90,45.00,"23.52

",,,,
2021-04-21 20:46:39 IST,592,23.80,45.00,"23.41

",,,,
2021-04-21 20:47:22 IST,593,23.80,45.00,"23.41

",,,,
2021-04-21 20:47:43 IST,594,23.80,45.00,"23.41

",,,,
2021-04-21 20:50:02 IST,595,23.80,45.00,"23.41

",,,,
2021-04-21 20:51:49 IST,596,23.80,45.00,"23.41

",,,,
2021-04-21 20:52:11 IST,597,23.80,46.00,"23.44

",,,,
2021-04-21 20:52:54 IST,598,23.80,45.00,"23.41

",,,,
2021-04-21 20:53:26 IST,599,23.80,45.00,"23.41

",,,,
2021-04-21 20:53:48 IST,600,23.80,45.00,"23.41

",,,,
2021-04-21 20:54:10 IST,601,23.90,46.00,"23.55

",,,,
2021-04-21 20:54:32 IST,602,23.90,46.00,"23.55

",,,,
2021-04-21 20:54:53 IST,603,23.90,46.00,"23.55

",,,,
2021-04-21 20:55:15 IST,604,23.90,45.00,"23.52

",,,,
2021-04-21 20:55:37 IST,605,23.90,45.00,"23.52

",,,,
2021-04-21 20:55:59 IST,606,23.90,45.00,"23.52

",,,,
2021-04-21 20:56:21 IST,607,23.90,45.00,"23.52

",,,,
2021-04-21 20:56:43 IST,608,23.90,45.00,"23.52

",,,,
2021-04-21 20:57:04 IST,609,23.90,45.00,"23.52

",,,,
2021-04-21 20:57:58 IST,610,23.80,45.00,"23.41

",,,,
2021-04-21 20:58:20 IST,611,23.80,45.00,"23.41

",,,,
2021-04-21 20:58:42 IST,612,23.80,45.00,"23.41

",,,,
2021-04-21 20:59:03 IST,613,23.80,45.00,"23.41

",,,,
2021-04-21 20:59:25 IST,614,23.80,45.00,"23.41

",,,,
2021-04-21 20:59:47 IST,615,23.70,45.00,"23.30

",,,,
2021-04-21 21:00:09 IST,616,23.70,45.00,"23.30

",,,,
2021-04-21 21:01:24 IST,617,23.70,45.00,"23.30

",,,,
2021-04-21 21:01:46 IST,618,23.60,45.00,"23.19

",,,,
2021-04-21 21:02:07 IST,619,23.60,45.00,"23.19

",,,,
2021-04-21 21:02:29 IST,620,23.60,45.00,"23.19

",,,,
2021-04-21 21:03:23 IST,621,23.60,45.00,"23.19

",,,,
2021-04-21 21:03:45 IST,622,23.50,45.00,"23.08

",,,,
2021-04-21 21:04:39 IST,623,23.60,45.00,"23.19

",,,,
2021-04-21 21:05:01 IST,624,23.60,45.00,"23.19

",,,,
2021-04-21 21:05:43 IST,625,23.50,45.00,"23.08

",,,,
2021-04-21 21:06:05 IST,626,23.50,45.00,"23.08

",,,,
2021-04-21 21:06:27 IST,627,23.50,45.00,"23.08

",,,,
2021-04-21 21:06:49 IST,628,23.50,45.00,"23.08

",,,,
2021-04-21 21:07:32 IST,629,23.50,45.00,"23.08

",,,,
2021-04-21 21:08:04 IST,630,23.50,45.00,"23.08

",,,,
2021-04-21 21:08:26 IST,631,23.50,45.00,"23.08

",,,,
2021-04-21 21:08:58 IST,632,23.50,45.00,"23.08

",,,,
2021-04-21 21:09:20 IST,633,23.40,45.00,"22.97

",,,,
2021-04-21 21:10:45 IST,634,23.40,45.00,"22.97

",,,,
2021-04-21 21:11:28 IST,635,23.40,45.00,"22.97

",,,,
2021-04-21 21:16:05 IST,636,23.30,45.00,"22.86

",,,,
2021-04-21 21:16:48 IST,637,23.30,45.00,"22.86

",,,,
2021-04-21 21:17:09 IST,638,23.30,45.00,"22.86

",,,,
2021-04-21 21:24:37 IST,639,23.10,45.00,"22.64

",,,,
2021-04-21 21:24:58 IST,640,23.10,45.00,"22.64

",,,,
2021-04-21 21:25:20 IST,641,23.10,45.00,"22.64

",,,,
2021-04-21 21:25:41 IST,642,23.10,45.00,"22.64

",,,,
2021-04-21 21:26:35 IST,643,23.00,45.00,"22.53

",,,,
2021-04-21 21:26:56 IST,644,23.00,45.00,"22.53

",,,,
2021-04-21 21:27:18 IST,645,23.00,45.00,"22.53

",,,,
2021-04-21 21:27:39 IST,646,23.00,45.00,"22.53

",,,,
2021-04-21 21:28:22 IST,647,23.00,45.00,"22.53

",,,,
2021-04-21 21:28:44 IST,648,23.00,45.00,"22.53

",,,,
2021-04-21 21:29:05 IST,649,22.90,46.00,"22.45

",,,,
2021-04-21 21:29:37 IST,650,22.90,45.00,"22.42

",,,,
2021-04-21 21:30:20 IST,651,22.90,45.00,"22.42

",,,,
2021-04-21 21:31:35 IST,652,22.90,46.00,"22.45

",,,,
2021-04-21 21:34:15 IST,653,23.00,45.00,"22.53

",,,,
2021-04-21 21:34:36 IST,654,22.90,45.00,"22.42

",,,,
2021-04-21 21:35:40 IST,655,22.90,45.00,"22.42

",,,,
2021-04-21 21:36:44 IST,656,22.90,45.00,"22.42

",,,,
2021-04-21 21:37:27 IST,657,22.80,45.00,"22.31

",,,,
2021-04-21 21:39:25 IST,658,22.80,46.00,"22.34

",,,,
2021-04-21 21:42:26 IST,659,22.80,46.00,"22.34

",,,,
2021-04-21 21:43:30 IST,660,22.80,45.00,"22.31

",,,,
2021-04-21 21:44:02 IST,661,22.80,45.00,"22.31

",,,,
2021-04-21 21:44:56 IST,662,22.80,46.00,"22.34

",,,,
2021-04-21 21:45:17 IST,663,22.80,46.00,"22.34

",,,,
2021-04-21 21:47:04 IST,664,22.80,46.00,"22.34

",,,,
2021-04-21 21:47:26 IST,665,22.80,46.00,"22.34

",,,,
2021-04-21 21:51:31 IST,666,22.90,47.00,"22.47

",,,,
2021-04-21 21:51:52 IST,667,22.90,47.00,"22.47

",,,,
2021-04-21 21:53:29 IST,668,23.00,46.00,"22.56

",,,,
2021-04-21 21:53:50 IST,669,22.90,47.00,"22.47

",,,,
2021-04-21 21:54:22 IST,670,22.90,46.00,"22.45

",,,,
2021-04-21 21:54:54 IST,671,22.90,47.00,"22.47

",,,,
2021-04-21 21:55:16 IST,672,22.80,47.00,"22.36

",,,,
2021-04-21 21:56:09 IST,673,22.80,46.00,"22.34

",,,,
2021-04-21 21:57:02 IST,674,22.80,46.00,"22.34

",,,,
2021-04-21 21:58:07 IST,675,22.80,46.00,"22.34

",,,,
2021-04-21 21:58:50 IST,676,22.80,47.00,"22.36

",,,,
2021-04-21 22:00:05 IST,677,22.90,47.00,"22.47

",,,,
2021-04-21 22:00:26 IST,678,22.90,47.00,"22.47

",,,,
2021-04-21 22:03:28 IST,679,23.10,46.00,"22.67

",,,,
2021-04-21 22:04:11 IST,680,23.10,47.00,"22.69

",,,,
2021-04-21 22:05:26 IST,681,23.40,47.00,"23.02

",,,,
2021-04-21 22:05:58 IST,682,23.50,47.00,"23.13

",,,,
2021-04-21 22:06:20 IST,683,23.60,46.00,"23.22

",,,,
2021-04-21 22:06:52 IST,684,23.70,46.00,"23.33

",,,,
2021-04-21 22:07:35 IST,685,23.80,45.00,"23.41

",,,,
2021-04-21 22:07:56 IST,686,24.10,45.00,"23.74

",,,,
2021-04-21 22:08:29 IST,687,23.60,45.00,"23.19

",,,,
2021-04-21 22:08:50 IST,688,23.70,45.00,"23.30

",,,,
2021-04-21 22:09:11 IST,689,23.80,45.00,"23.41

",,,,
2021-04-21 22:09:33 IST,690,23.70,45.00,"23.30

",,,,
2021-04-21 22:09:54 IST,691,23.80,45.00,"23.41

",,,,
2021-04-21 22:10:16 IST,692,23.80,45.00,"23.41

",,,,
2021-04-21 22:10:37 IST,693,23.80,44.00,"23.38

",,,,
2021-04-22 13:47:55 IST,694,36.40,38.00,"39.24

",,,,
2021-04-22 13:48:16 IST,695,36.80,38.00,"40.03

",,,,
2021-04-22 13:48:38 IST,696,37.20,36.00,"40.08

",,,,
2021-04-22 13:48:59 IST,697,37.50,36.00,"40.68

",,,,
2021-04-22 13:49:42 IST,698,38.00,36.00,"41.69

",,,,
2021-04-22 13:51:08 IST,699,38.10,34.00,"41.09

",,,,
2021-04-22 13:51:40 IST,700,38.10,36.00,"41.89

",,,,
2021-04-22 13:52:44 IST,701,38.50,36.00,"42.73

",,,,
2021-04-22 13:53:06 IST,702,38.70,36.00,"43.16

",,,,
2021-04-22 13:53:49 IST,703,38.80,34.00,"42.49

",,,,
2021-04-22 13:54:21 IST,704,38.60,34.00,"42.08

",,,,
2021-04-22 13:54:54 IST,705,38.80,35.00,"42.92

",,,,
2021-04-22 13:55:26 IST,706,38.90,34.00,"42.69

",,,,
2021-04-22 13:56:09 IST,707,38.90,34.00,"42.69

",,,,
2021-04-22 13:56:52 IST,708,38.80,33.00,"42.06

",,,,
2021-04-22 13:57:14 IST,709,38.50,34.00,"41.88

",,,,
2021-04-22 13:57:36 IST,710,38.80,34.00,"42.49

",,,,
2021-04-22 13:58:08 IST,711,39.00,36.00,"43.81

",,,,
2021-04-22 13:58:52 IST,712,38.80,34.00,"42.49

",,,,
2021-04-22 13:59:24 IST,713,38.60,34.00,"42.08

",,,,
2021-04-22 13:59:45 IST,714,38.30,34.00,"41.48

",,,,
2021-04-22 14:00:18 IST,715,38.20,35.00,"41.69

",,,,
2021-04-22 14:00:50 IST,716,38.30,36.00,"42.31

",,,,
2021-04-22 14:01:12 IST,717,38.30,35.00,"41.89

",,,,
2021-04-22 14:01:34 IST,718,38.40,37.00,"42.96

",,,,
2021-04-22 14:01:56 IST,719,38.40,35.00,"42.09

",,,,
2021-04-22 14:02:39 IST,720,38.70,36.00,"43.16

",,,,
2021-04-22 14:03:11 IST,721,38.80,34.00,"42.49

",,,,
2021-04-22 14:04:05 IST,722,38.70,33.00,"41.87

",,,,
2021-04-22 14:04:37 IST,723,38.60,34.00,"42.08

",,,,
2021-04-22 14:04:59 IST,724,38.70,34.00,"42.28

",,,,
2021-04-22 14:05:21 IST,725,38.70,35.00,"42.71

",,,,
2021-04-22 14:05:57 IST,726,38.70,35.00,"42.71

",,,,
2021-04-22 14:06:30 IST,727,38.60,35.00,"42.51

",,,,
2021-04-22 14:06:51 IST,728,38.70,35.00,"42.71

",,,,
2021-04-22 14:07:13 IST,729,38.80,34.00,"42.49

",,,,
2021-04-22 14:07:34 IST,730,38.80,34.00,"42.49

",,,,
2021-04-22 14:07:56 IST,731,38.70,33.00,"41.87

",,,,
2021-04-22 14:08:18 IST,732,38.40,34.00,"41.68

",,,,
2021-04-22 14:09:11 IST,733,38.40,35.00,"42.09

",,,,
2021-04-22 14:11:30 IST,734,38.80,33.00,"42.06

",,,,
2021-04-22 14:12:55 IST,735,38.50,33.00,"41.47

",,,,
2021-04-22 14:13:59 IST,736,38.30,34.00,"41.48

",,,,
2021-04-22 14:15:03 IST,737,38.40,34.00,"41.68

",,,,
2021-04-22 14:15:25 IST,738,38.40,34.00,"41.68

",,,,
2021-04-22 14:15:46 IST,739,38.30,35.00,"41.89

",,,,
2021-04-22 14:16:29 IST,740,38.00,34.00,"40.89

",,,,
2021-04-22 14:16:51 IST,741,37.90,34.00,"40.70

",,,,
2021-04-22 14:17:34 IST,742,38.00,35.00,"41.28

",,,,
2021-04-22 14:17:55 IST,743,38.00,34.00,"40.89

",,,,
2021-04-22 14:18:17 IST,744,38.30,34.00,"41.48

",,,,
2021-04-22 14:18:38 IST,745,38.40,35.00,"42.09

",,,,
2021-04-22 14:19:00 IST,746,38.70,34.00,"42.28

",,,,
2021-04-22 14:19:21 IST,747,38.80,35.00,"42.92

",,,,
2021-04-22 14:19:43 IST,748,38.90,35.00,"43.13

",,,,
2021-04-22 14:20:04 IST,749,39.10,35.00,"43.56

",,,,
2021-04-22 14:20:26 IST,750,39.10,34.00,"43.11

",,,,
2021-04-22 14:21:43 IST,751,38.50,33.00,"41.47

",,,,
2021-04-22 14:22:09 IST,752,38.70,34.00,"42.28

",,,,
2021-04-22 14:22:54 IST,753,38.80,33.00,"42.06

",,,,
2021-04-22 14:23:22 IST,754,38.80,32.00,"41.65

",,,,
2021-04-22 14:23:57 IST,755,38.80,32.00,"41.65

",,,,
2021-04-22 14:25:11 IST,756,38.80,32.00,"41.65

",,,,
2021-04-22 14:25:37 IST,757,38.80,32.00,"41.65

",,,,
2021-04-22 14:25:59 IST,758,38.90,32.00,"41.85

",,,,
2021-04-22 14:26:24 IST,759,38.90,32.00,"41.85

",,,,
2021-04-22 14:26:45 IST,760,38.90,33.00,"42.26

",,,,
2021-04-22 14:27:07 IST,761,39.10,33.00,"42.67

",,,,
2021-04-22 14:27:28 IST,762,38.80,32.00,"41.65

",,,,
2021-04-22 14:27:50 IST,763,38.50,33.00,"41.47

",,,,
2021-04-22 14:28:11 IST,764,38.90,32.00,"41.85

",,,,
2021-04-22 14:28:33 IST,765,39.00,33.00,"42.46

",,,,
2021-04-22 14:28:54 IST,766,38.70,32.00,"41.46

",,,,
2021-04-22 14:29:16 IST,767,39.20,32.00,"42.44

",,,,
2021-04-22 14:29:37 IST,768,39.20,31.00,"42.02

",,,,
2021-04-22 14:29:59 IST,769,39.10,32.00,"42.24

",,,,
2021-04-22 14:30:20 IST,770,39.20,33.00,"42.87

",,,,
2021-04-22 14:30:42 IST,771,39.10,32.00,"42.24

",,,,
2021-04-22 14:31:03 IST,772,39.10,32.00,"42.24

",,,,
2021-04-22 14:31:25 IST,773,39.00,33.00,"42.46

",,,,
2021-04-22 14:31:46 IST,774,39.10,33.00,"42.67

",,,,
2021-04-22 14:32:08 IST,775,38.90,31.00,"41.44

",,,,
2021-04-22 14:32:29 IST,776,39.30,32.00,"42.63

",,,,
2021-04-22 14:32:51 IST,777,39.10,34.00,"43.11

",,,,
2021-04-22 14:33:12 IST,778,39.30,34.00,"43.52

",,,,
2021-04-22 14:33:34 IST,779,39.30,32.00,"42.63

",,,,
2021-04-22 14:33:55 IST,780,39.30,32.00,"42.63

",,,,
2021-04-22 14:34:16 IST,781,39.40,32.00,"42.83

",,,,
2021-04-22 14:34:38 IST,782,39.40,32.00,"42.83

",,,,
2021-04-22 14:34:59 IST,783,39.40,32.00,"42.83

",,,,
2021-04-22 14:35:21 IST,784,39.30,32.00,"42.63

",,,,
2021-04-22 14:35:42 IST,785,39.40,31.00,"42.40

",,,,
2021-04-22 14:36:04 IST,786,39.40,30.00,"41.98

",,,,
2021-04-22 14:36:25 IST,787,39.30,30.00,"41.80

",,,,
2021-04-22 14:36:47 IST,788,39.40,30.00,"41.98

",,,,
2021-04-22 14:37:08 IST,789,39.30,30.00,"41.80

",,,,
2021-04-22 14:37:30 IST,790,39.30,32.00,"42.63

",,,,
2021-04-22 14:37:51 IST,791,39.50,32.00,"43.03

",,,,
2021-04-22 14:38:13 IST,792,39.50,30.00,"42.17

",,,,
2021-04-22 14:38:34 IST,793,39.30,32.00,"42.63

",,,,
2021-04-22 14:38:56 IST,794,39.30,31.00,"42.21

",,,,
2021-04-22 14:39:17 IST,795,39.20,30.00,"41.61

",,,,
2021-04-22 14:39:38 IST,796,39.20,30.00,"41.61

",,,,
2021-04-22 14:40:00 IST,797,39.10,33.00,"42.67

",,,,
2021-04-22 14:40:21 IST,798,39.10,31.00,"41.82

",,,,
2021-04-22 14:40:43 IST,799,38.80,30.00,"40.87

",,,,
2021-04-22 14:41:04 IST,800,38.80,30.00,"40.87

",,,,
2021-04-22 14:41:26 IST,801,38.60,34.00,"42.08

",,,,
2021-04-22 14:41:47 IST,802,38.70,32.00,"41.46

",,,,
2021-04-22 14:42:09 IST,803,38.60,32.00,"41.27

",,,,
2021-04-22 14:42:30 IST,804,38.50,31.00,"40.70

",,,,
2021-04-22 14:42:52 IST,805,38.50,31.00,"40.70

",,,,
2021-04-22 14:43:13 IST,806,38.40,32.00,"40.89

",,,,
2021-04-22 14:43:35 IST,807,38.30,31.00,"40.33

",,,,
2021-04-22 14:43:56 IST,808,38.30,32.00,"40.70

",,,,
2021-04-22 14:44:18 IST,809,38.30,31.00,"40.33

",,,,
2021-04-22 14:44:39 IST,810,37.40,31.00,"38.73

",,,,
2021-04-22 14:45:00 IST,811,38.30,31.00,"40.33

",,,,
2021-04-22 14:45:22 IST,812,38.30,31.00,"40.33

",,,,
2021-04-22 14:45:43 IST,813,38.30,31.00,"40.33

",,,,
2021-04-22 14:46:05 IST,814,38.30,32.00,"40.70

",,,,
2021-04-22 14:46:26 IST,815,38.30,30.00,"39.97

",,,,
2021-04-22 14:46:48 IST,816,38.40,31.00,"40.51

",,,,
2021-04-22 14:47:09 IST,817,38.50,30.00,"40.33

",,,,
2021-04-22 14:47:31 IST,818,37.80,30.00,"39.10

",,,,
2021-04-22 14:47:52 IST,819,38.70,30.00,"40.69

",,,,
2021-04-22 14:48:14 IST,820,38.70,31.00,"41.07

",,,,
2021-04-22 14:48:35 IST,821,38.70,30.00,"40.69

",,,,
2021-04-22 14:48:57 IST,822,38.80,30.00,"40.87

",,,,
2021-04-22 14:49:18 IST,823,38.80,30.00,"40.87

",,,,
2021-04-22 14:49:40 IST,824,38.90,30.00,"41.05

",,,,
2021-04-22 14:50:01 IST,825,39.00,31.00,"41.63

",,,,
2021-04-22 14:50:23 IST,826,38.80,29.00,"40.50

",,,,
2021-04-22 14:50:44 IST,827,38.80,29.00,"40.50

",,,,
2021-04-22 14:51:06 IST,828,38.80,30.00,"40.87

",,,,
2021-04-22 14:51:27 IST,829,38.80,29.00,"40.50

",,,,
2021-04-22 14:51:49 IST,830,38.90,29.00,"40.68

",,,,
2021-04-22 14:52:10 IST,831,39.30,30.00,"41.80

",,,,
2021-04-22 14:52:32 IST,832,38.90,29.00,"40.68

",,,,
2021-04-22 14:52:53 IST,833,38.90,30.00,"41.05

",,,,
2021-04-22 14:53:14 IST,834,38.90,30.00,"41.05

",,,,
2021-04-22 14:53:36 IST,835,39.10,30.00,"41.42

",,,,
2021-04-22 14:53:57 IST,836,39.30,30.00,"41.80

",,,,
2021-04-22 14:54:19 IST,837,39.20,28.00,"40.84

",,,,
2021-04-22 14:54:40 IST,838,39.10,29.00,"41.04

",,,,
2021-04-22 14:55:02 IST,839,39.20,29.00,"41.22

",,,,
2021-04-22 14:55:23 IST,840,39.20,29.00,"41.22

",,,,
2021-04-22 14:55:45 IST,841,39.20,28.00,"40.84

",,,,
2021-04-22 14:56:06 IST,842,39.30,28.00,"41.01

",,,,
2021-04-22 14:56:28 IST,843,39.20,29.00,"41.22

",,,,
2021-04-22 14:56:49 IST,844,39.30,29.00,"41.40

",,,,
2021-04-22 14:57:11 IST,845,39.30,31.00,"42.21

",,,,
2021-04-22 14:57:32 IST,846,39.50,29.00,"41.76

",,,,
2021-04-22 14:58:04 IST,847,39.70,28.00,"41.73

",,,,
2021-04-22 14:58:47 IST,848,39.70,28.00,"41.73

",,,,
2021-04-22 14:59:09 IST,849,39.70,30.00,"42.55

",,,,
2021-04-22 14:59:30 IST,850,39.70,28.00,"41.73

",,,,
2021-04-22 14:59:52 IST,851,39.80,27.00,"41.51

",,,,
2021-04-22 15:01:07 IST,852,39.10,30.00,"41.42

",,,,
2021-04-22 15:01:28 IST,853,39.20,31.00,"42.02

",,,,
2021-04-22 15:01:50 IST,854,39.30,30.00,"41.80

",,,,
2021-04-22 15:02:22 IST,855,39.40,28.00,"41.19

",,,,
2021-04-22 15:02:44 IST,856,39.30,29.00,"41.40

",,,,
2021-04-22 15:03:06 IST,857,39.30,30.00,"41.80

",,,,
2021-04-22 15:03:28 IST,858,39.20,30.00,"41.61

",,,,
2021-04-22 15:03:49 IST,859,39.20,29.00,"41.22

",,,,
2021-04-22 15:04:11 IST,860,39.00,29.00,"40.86

",,,,
2021-04-22 15:04:33 IST,861,38.90,29.00,"40.68

",,,,
2021-04-22 15:05:05 IST,862,38.80,30.00,"40.87

",,,,
2021-04-22 15:05:27 IST,863,38.70,30.00,"40.69

",,,,
2021-04-22 15:05:59 IST,864,38.70,31.00,"41.07

",,,,
2021-04-22 15:06:21 IST,865,38.60,29.00,"40.15

",,,,
2021-04-22 15:07:04 IST,866,38.60,30.00,"40.51

",,,,
2021-04-22 15:07:26 IST,867,38.70,32.00,"41.46

",,,,
2021-04-22 15:07:47 IST,868,38.80,32.00,"41.65

",,,,
2021-04-22 15:08:09 IST,869,39.10,32.00,"42.24

",,,,
2021-04-22 15:08:31 IST,870,39.30,32.00,"42.63

",,,,
2021-04-22 15:08:53 IST,871,39.40,31.00,"42.40

",,,,
2021-04-22 15:09:47 IST,872,39.50,29.00,"41.76

",,,,
2021-04-22 15:10:09 IST,873,38.80,27.00,"39.79

",,,,
2021-04-22 15:10:30 IST,874,39.30,28.00,"41.01

",,,,
2021-04-22 15:11:03 IST,875,39.20,28.00,"40.84

",,,,
2021-04-22 15:12:07 IST,876,39.00,28.00,"40.49

",,,,
2021-04-22 15:12:28 IST,877,38.90,27.00,"39.96

",,,,
2021-04-22 15:12:50 IST,878,38.80,27.00,"39.79

",,,,
2021-04-22 15:13:22 IST,879,38.80,27.00,"39.79

",,,,
2021-04-22 15:13:44 IST,880,38.80,27.00,"39.79

",,,,
2021-04-22 15:14:06 IST,881,38.80,27.00,"39.79

",,,,
2021-04-22 15:14:39 IST,882,38.70,27.00,"39.63

",,,,
2021-04-22 15:15:01 IST,883,38.30,27.00,"38.97

",,,,
2021-04-22 15:15:54 IST,884,38.40,28.00,"39.46

",,,,
2021-04-22 15:16:16 IST,885,38.30,29.00,"39.63

",,,,
2021-04-22 15:16:49 IST,886,38.50,29.00,"39.97

",,,,
2021-04-22 15:17:10 IST,887,38.80,28.00,"40.14

",,,,
2021-04-22 15:18:04 IST,888,38.70,28.00,"39.97

",,,,
2021-04-22 15:18:26 IST,889,38.80,29.00,"40.50

",,,,
2021-04-22 15:18:48 IST,890,38.80,28.00,"40.14

",,,,
2021-04-22 15:19:20 IST,891,38.80,28.00,"40.14

",,,,
2021-04-22 15:19:52 IST,892,38.80,29.00,"40.50

",,,,
2021-04-22 15:20:14 IST,893,38.80,30.00,"40.87

",,,,
2021-04-22 15:20:36 IST,894,38.70,29.00,"40.32

",,,,
2021-04-22 15:21:08 IST,895,38.80,29.00,"40.50

",,,,
2021-04-22 15:21:30 IST,896,38.80,30.00,"40.87

",,,,
2021-04-22 15:22:13 IST,897,38.80,28.00,"40.14

",,,,
2021-04-22 15:22:34 IST,898,38.80,29.00,"40.50

",,,,
2021-04-22 15:22:56 IST,899,38.60,28.00,"39.80

",,,,
2021-04-22 15:23:18 IST,900,38.70,28.00,"39.97

",,,,
2021-04-22 15:24:22 IST,901,39.20,29.00,"41.22

",,,,
2021-04-22 15:25:16 IST,902,39.20,29.00,"41.22

",,,,
2021-04-22 15:26:20 IST,903,39.20,28.00,"40.84

",,,,
2021-04-22 15:27:25 IST,904,39.20,30.00,"41.61

",,,,
2021-04-22 15:27:57 IST,905,39.20,28.00,"40.84

",,,,
2021-04-22 15:28:30 IST,906,39.10,29.00,"41.04

",,,,
2021-04-22 15:28:52 IST,907,38.90,29.00,"40.68

",,,,
2021-04-22 15:29:14 IST,908,38.80,29.00,"40.50

",,,,
2021-04-22 15:30:07 IST,909,38.70,29.00,"40.32

",,,,
2021-04-22 15:30:40 IST,910,38.80,30.00,"40.87

",,,,
2021-04-22 15:31:01 IST,911,39.00,31.00,"41.63

",,,,
2021-04-22 15:31:34 IST,912,39.10,29.00,"41.04

",,,,
2021-04-22 15:32:17 IST,913,39.00,30.00,"41.24

",,,,
2021-04-22 15:32:39 IST,914,38.90,29.00,"40.68

",,,,
2021-04-22 15:33:22 IST,915,38.90,28.00,"40.31

",,,,
2021-04-22 15:34:16 IST,916,38.80,29.00,"40.50

",,,,
2021-04-22 15:34:58 IST,917,38.70,29.00,"40.32

",,,,
2021-04-22 15:35:20 IST,918,38.70,29.00,"40.32

",,,,
2021-04-22 15:36:03 IST,919,38.70,29.00,"40.32

",,,,
2021-04-22 15:36:35 IST,920,38.50,29.00,"39.97

",,,,
2021-04-22 15:36:57 IST,921,38.40,29.00,"39.80

",,,,
2021-04-22 15:38:11 IST,922,38.30,30.00,"39.97

",,,,
2021-04-22 15:38:33 IST,923,38.30,30.00,"39.97

",,,,
2021-04-22 15:38:54 IST,924,38.30,29.00,"39.63

",,,,
2021-04-22 15:39:16 IST,925,38.80,29.00,"40.50

",,,,
2021-04-22 15:39:37 IST,926,38.30,29.00,"39.63

",,,,
2021-04-22 15:39:59 IST,927,38.30,28.00,"39.29

",,,,
2021-04-22 15:40:20 IST,928,38.30,29.00,"39.63

",,,,
2021-04-22 15:40:42 IST,929,38.30,29.00,"39.63

",,,,
2021-04-22 15:41:03 IST,930,38.30,29.00,"39.63

",,,,
2021-04-22 15:41:25 IST,931,38.30,29.00,"39.63

",,,,
2021-04-22 15:41:46 IST,932,38.20,28.00,"39.12

",,,,
2021-04-22 15:42:08 IST,933,37.30,26.00,"37.12

",,,,
2021-04-22 15:42:29 IST,934,38.00,29.00,"39.11

",,,,
2021-04-22 15:42:51 IST,935,37.90,28.00,"38.63

",,,,
2021-04-22 15:43:12 IST,936,37.80,27.00,"38.17

",,,,
2021-04-22 15:43:34 IST,937,37.90,28.00,"38.63

",,,,
2021-04-22 15:43:55 IST,938,38.40,29.00,"39.80

",,,,
2021-04-22 15:44:17 IST,939,37.80,27.00,"38.17

",,,,
2021-04-22 15:44:38 IST,940,37.70,28.00,"38.30

",,,,
2021-04-22 15:45:00 IST,941,37.50,29.00,"38.28

",,,,
2021-04-22 15:45:21 IST,942,37.40,29.00,"38.11

",,,,
2021-04-22 15:45:43 IST,943,37.50,30.00,"38.59

",,,,
2021-04-22 15:46:04 IST,944,37.40,29.00,"38.11

",,,,
2021-04-22 15:46:26 IST,945,37.40,30.00,"38.42

",,,,
2021-04-22 15:46:47 IST,946,37.50,30.00,"38.59

",,,,
2021-04-22 15:47:09 IST,947,37.60,30.00,"38.76

",,,,
2021-04-22 15:47:30 IST,948,37.60,30.00,"38.76

",,,,
2021-04-22 15:47:52 IST,949,37.70,31.00,"39.26

",,,,
2021-04-22 15:48:13 IST,950,37.70,29.00,"38.61

",,,,
2021-04-22 15:48:35 IST,951,37.70,30.00,"38.93

",,,,
2021-04-22 15:48:56 IST,952,37.60,30.00,"38.76

",,,,
2021-04-22 15:49:17 IST,953,37.50,30.00,"38.59

",,,,
2021-04-22 15:49:39 IST,954,37.40,30.00,"38.42

",,,,
2021-04-22 15:50:11 IST,955,37.20,31.00,"38.39

",,,,
2021-04-22 15:50:33 IST,956,37.10,32.00,"38.53

",,,,
2021-04-22 15:50:54 IST,957,37.10,33.00,"38.85

",,,,
2021-04-22 15:51:16 IST,958,37.10,32.00,"38.53

",,,,
2021-04-22 15:51:37 IST,959,37.10,32.00,"38.53

",,,,
2021-04-22 15:51:59 IST,960,37.10,33.00,"38.85

",,,,
2021-04-22 15:52:20 IST,961,37.20,32.00,"38.71

",,,,
2021-04-22 15:52:42 IST,962,37.10,30.00,"37.92

",,,,
2021-04-22 15:53:03 IST,963,37.00,31.00,"38.05

",,,,
2021-04-22 15:53:25 IST,964,36.80,30.00,"37.43

",,,,
2021-04-22 15:53:57 IST,965,36.70,31.00,"37.55

",,,,
2021-04-22 15:54:18 IST,966,36.70,31.00,"37.55

",,,,
2021-04-22 15:54:40 IST,967,36.30,31.00,"36.89

",,,,
2021-04-22 15:55:01 IST,968,36.50,31.00,"37.22

",,,,
2021-04-22 15:55:23 IST,969,36.50,31.00,"37.22

",,,,
2021-04-22 15:56:06 IST,970,36.80,31.00,"37.71

",,,,
2021-04-22 15:56:27 IST,971,36.50,32.00,"37.50

",,,,
2021-04-22 15:56:49 IST,972,36.50,33.00,"37.80

",,,,
2021-04-22 15:57:10 IST,973,36.50,33.00,"37.80

",,,,
2021-04-22 15:57:32 IST,974,36.50,33.00,"37.80

",,,,
2021-04-22 15:57:53 IST,975,36.50,33.00,"37.80

",,,,
2021-04-22 15:58:15 IST,976,36.80,33.00,"38.32

",,,,
2021-04-22 15:58:37 IST,977,36.40,32.00,"37.34

",,,,
2021-04-22 15:58:58 IST,978,36.40,33.00,"37.63

",,,,
2021-04-22 15:59:30 IST,979,36.40,33.00,"37.63

",,,,
2021-04-22 15:59:52 IST,980,36.30,33.00,"37.46

",,,,
2021-04-22 16:00:13 IST,981,36.20,33.00,"37.29

",,,,
2021-04-22 16:00:35 IST,982,36.20,34.00,"37.58

",,,,
2021-04-22 16:00:56 IST,983,36.20,34.00,"37.58

",,,,
2021-04-22 16:01:17 IST,984,36.20,34.00,"37.58

",,,,
2021-04-22 16:01:39 IST,985,36.20,35.00,"37.88

",,,,
2021-04-22 16:02:01 IST,986,36.20,34.00,"37.58

",,,,
2021-04-22 16:02:22 IST,987,36.20,34.00,"37.58

",,,,
2021-04-22 16:02:44 IST,988,36.10,35.00,"37.70

",,,,
2021-04-22 16:03:05 IST,989,35.90,34.00,"37.06

",,,,
2021-04-22 16:03:37 IST,990,35.80,34.00,"36.89

",,,,
2021-04-22 16:04:09 IST,991,35.80,34.00,"36.89

",,,,
2021-04-22 16:04:31 IST,992,34.90,34.00,"35.42

",,,,
2021-04-22 16:04:52 IST,993,35.70,34.00,"36.73

",,,,
2021-04-22 16:05:14 IST,994,35.60,35.00,"36.83

",,,,
2021-04-22 16:05:35 IST,995,35.60,35.00,"36.83

",,,,
2021-04-22 16:05:57 IST,996,35.60,35.00,"36.83

",,,,
2021-04-22 16:06:18 IST,997,35.70,36.00,"37.29

",,,,
2021-04-22 16:06:40 IST,998,35.70,35.00,"37.00

",,,,
2021-04-22 16:07:01 IST,999,35.70,35.00,"37.00

",,,,
2021-04-22 16:07:23 IST,1000,36.10,36.00,"38.01

",,,,
2021-04-22 16:07:44 IST,1001,35.80,35.00,"37.18

",,,,
2021-04-22 16:08:06 IST,1002,35.80,35.00,"37.18

",,,,
2021-04-22 16:08:27 IST,1003,35.80,36.00,"37.47

",,,,
2021-04-22 16:08:49 IST,1004,35.80,35.00,"37.18

",,,,
2021-04-22 16:09:10 IST,1005,36.10,36.00,"38.01

",,,,
2021-04-22 16:09:31 IST,1006,35.70,35.00,"37.00

",,,,
2021-04-22 16:09:53 IST,1007,35.70,35.00,"37.00

",,,,
2021-04-22 16:10:14 IST,1008,35.80,36.00,"37.47

",,,,
2021-04-22 16:10:36 IST,1009,35.70,35.00,"37.00

",,,,
2021-04-22 16:10:57 IST,1010,35.70,35.00,"37.00

",,,,
2021-04-22 16:11:19 IST,1011,35.80,37.00,"37.78

",,,,
2021-04-22 16:11:40 IST,1012,35.80,35.00,"37.18

",,,,
2021-04-22 16:12:02 IST,1013,35.70,35.00,"37.00

",,,,
2021-04-22 16:12:23 IST,1014,35.70,36.00,"37.29

",,,,
2021-04-22 16:12:45 IST,1015,35.70,35.00,"37.00

",,,,
2021-04-22 16:13:06 IST,1016,35.80,35.00,"37.18

",,,,
2021-04-22 16:13:28 IST,1017,35.80,35.00,"37.18

",,,,
2021-04-22 16:13:49 IST,1018,35.80,36.00,"37.47

",,,,
2021-04-22 16:14:11 IST,1019,35.80,36.00,"37.47

",,,,
2021-04-22 16:14:32 IST,1020,35.80,37.00,"37.78

",,,,
2021-04-22 16:14:54 IST,1021,35.80,36.00,"37.47

",,,,
2021-04-22 16:15:15 IST,1022,35.80,36.00,"37.47

",,,,
2021-04-22 16:15:37 IST,1023,35.80,36.00,"37.47

",,,,
2021-04-22 16:15:58 IST,1024,35.80,36.00,"37.47

",,,,
2021-04-22 16:16:20 IST,1025,35.70,36.00,"37.29

",,,,
2021-04-22 16:16:41 IST,1026,35.70,37.00,"37.59

",,,,
2021-04-22 16:17:02 IST,1027,35.70,37.00,"37.59

",,,,
2021-04-22 16:17:24 IST,1028,35.70,36.00,"37.29

",,,,
2021-04-22 16:17:45 IST,1029,35.80,36.00,"37.47

",,,,
2021-04-22 16:18:07 IST,1030,35.80,37.00,"37.78

",,,,
2021-04-22 16:18:28 IST,1031,35.80,36.00,"37.47

",,,,
2021-04-22 16:18:50 IST,1032,35.70,36.00,"37.29

",,,,
2021-04-22 16:19:11 IST,1033,35.70,36.00,"37.29

",,,,
2021-04-22 16:19:33 IST,1034,35.70,36.00,"37.29

",,,,
2021-04-22 16:19:54 IST,1035,35.70,37.00,"37.59

",,,,
2021-04-22 16:20:16 IST,1036,35.80,37.00,"37.78

",,,,
2021-04-22 16:20:37 IST,1037,35.70,37.00,"37.59

",,,,
2021-04-22 16:20:59 IST,1038,35.60,37.00,"37.41

",,,,
2021-04-22 16:21:20 IST,1039,35.50,37.00,"37.23

",,,,
2021-04-22 16:21:42 IST,1040,35.50,37.00,"37.23

",,,,
2021-04-22 16:22:03 IST,1041,35.50,37.00,"37.23

",,,,
2021-04-22 16:22:25 IST,1042,35.40,37.00,"37.06

",,,,
2021-04-22 16:22:46 IST,1043,35.30,38.00,"37.17

",,,,
2021-04-22 16:23:51 IST,1044,35.30,38.00,"37.17

",,,,
2021-04-22 16:24:44 IST,1045,35.20,38.00,"36.99

",,,,
2021-04-22 16:25:27 IST,1046,35.20,38.00,"36.99

",,,,
2021-04-22 16:27:13 IST,1047,35.30,38.00,"37.17

",,,,
2021-04-22 16:27:35 IST,1048,35.50,38.00,"37.53

",,,,
2021-04-22 16:27:56 IST,1049,35.30,38.00,"37.17

",,,,
2021-04-22 16:28:18 IST,1050,35.20,38.00,"36.99

",,,,
2021-04-22 16:28:39 IST,1051,35.20,39.00,"37.29

",,,,
2021-04-22 16:29:01 IST,1052,35.20,39.00,"37.29

",,,,
2021-04-22 16:29:22 IST,1053,35.20,39.00,"37.29

",,,,
2021-04-22 16:29:44 IST,1054,35.10,39.00,"37.10

",,,,
2021-04-22 16:30:05 IST,1055,35.10,38.00,"36.81

",,,,
2021-04-22 16:30:27 IST,1056,35.20,38.00,"36.99

",,,,
2021-04-22 16:31:52 IST,1057,35.20,38.00,"36.99

",,,,
2021-04-22 16:32:24 IST,1058,35.20,39.00,"37.29

",,,,
2021-04-22 16:33:39 IST,1059,35.00,39.00,"36.92

",,,,
2021-04-22 16:34:53 IST,1060,34.90,39.00,"36.74

",,,,
2021-04-22 16:37:44 IST,1061,34.70,40.00,"36.67

",,,,
2021-04-22 16:38:06 IST,1062,34.80,40.00,"36.85

",,,,
2021-04-22 16:38:49 IST,1063,34.80,40.00,"36.85

",,,,
2021-04-22 16:39:10 IST,1064,34.80,40.00,"36.85

",,,,
2021-04-22 16:39:43 IST,1065,34.80,40.00,"36.85

",,,,
2021-04-22 16:40:15 IST,1066,34.70,41.00,"36.96

",,,,
2021-04-22 16:40:48 IST,1067,34.80,40.00,"36.85

",,,,
2021-04-22 16:41:20 IST,1068,35.20,40.00,"37.59

",,,,
2021-04-22 16:41:42 IST,1069,34.80,39.00,"36.56

",,,,
2021-04-22 16:42:04 IST,1070,34.80,40.00,"36.85

",,,,
2021-04-22 16:42:25 IST,1071,34.90,40.00,"37.03

",,,,
2021-04-22 16:42:58 IST,1072,35.20,41.00,"37.90

",,,,
2021-04-22 16:43:30 IST,1073,34.70,41.00,"36.96

",,,,
2021-04-22 16:44:02 IST,1074,34.70,40.00,"36.67

",,,,
2021-04-22 16:45:06 IST,1075,34.60,41.00,"36.77

",,,,
2021-04-22 16:46:43 IST,1076,35.20,40.00,"37.59

",,,,
2021-04-22 16:48:08 IST,1077,35.10,40.00,"37.40

",,,,
2021-04-22 16:49:12 IST,1078,34.80,41.00,"37.14

",,,,
2021-04-22 16:50:16 IST,1079,35.10,41.00,"37.71

",,,,
2021-04-22 16:50:48 IST,1080,35.30,40.00,"37.78

",,,,
2021-04-22 16:51:20 IST,1081,34.70,41.00,"36.96

",,,,
2021-04-22 16:57:44 IST,1082,34.10,41.00,"35.87

",,,,
2021-04-22 16:59:41 IST,1083,34.80,42.00,"37.45

",,,,
2021-04-22 17:00:13 IST,1084,34.50,42.00,"36.88

",,,,
2021-04-22 17:00:35 IST,1085,34.50,42.00,"36.88

",,,,
2021-04-22 17:02:43 IST,1086,34.40,42.00,"36.69

",,,,
2021-04-22 17:03:47 IST,1087,33.90,42.00,"35.78

",,,,
2021-04-22 17:06:59 IST,1088,34.40,43.00,"36.98

",,,,
2021-04-22 17:07:52 IST,1089,34.40,43.00,"36.98

",,,,
2021-04-22 17:09:29 IST,1090,34.40,43.00,"36.98

",,,,
2021-04-22 17:09:50 IST,1091,34.40,43.00,"36.98

",,,,
2021-04-22 17:11:05 IST,1092,34.40,44.00,"37.29

",,,,
2021-04-22 17:15:42 IST,1093,34.40,44.00,"37.29

",,,,
2021-04-22 17:16:35 IST,1094,34.50,43.00,"37.18

",,,,
2021-04-22 17:17:18 IST,1095,34.40,44.00,"37.29

",,,,
2021-04-22 17:18:12 IST,1096,34.40,44.00,"37.29

",,,,
2021-04-22 17:19:58 IST,1097,34.40,43.00,"36.98

",,,,
2021-04-22 17:20:20 IST,1098,34.20,43.00,"36.60

",,,,
2021-04-22 17:21:13 IST,1099,34.40,43.00,"36.98

",,,,
2021-04-22 17:22:07 IST,1100,34.30,44.00,"37.09

",,,,
2021-04-22 17:24:33 IST,1101,35.40,45.00,"39.68

",,,,
2021-04-22 17:25:05 IST,1102,35.60,44.00,"39.75

",,,,
2021-04-22 17:26:31 IST,1103,35.80,45.00,"40.56

",,,,
2021-04-22 17:27:25 IST,1104,35.80,44.00,"40.18

",,,,
2021-04-22 17:28:29 IST,1105,50.90,20.00,"58.46

",,,,
2021-04-22 17:29:48 IST,1106,59.80,25.00,"90.16

",,,,
2021-04-22 17:31:13 IST,1107,52.80,20.00,"62.53

",,,,
2021-04-22 17:31:56 IST,1108,45.90,28.00,"54.72

",,,,
2021-04-22 17:32:49 IST,1109,41.60,36.00,"49.90

",,,,
2021-04-22 17:33:43 IST,1110,39.10,39.00,"45.50

",,,,
2021-04-22 17:34:15 IST,1111,38.30,42.00,"45.09

",,,,
2021-04-22 17:34:36 IST,1112,37.90,41.00,"43.65

",,,,
2021-04-22 17:34:58 IST,1113,37.70,42.00,"43.65

",,,,
2021-04-22 17:36:55 IST,1114,36.80,44.00,"42.44

",,,,
2021-04-22 17:40:06 IST,1115,36.80,43.00,"42.01

",,,,
2021-04-22 17:41:53 IST,1116,37.00,42.00,"42.04

",,,,
2021-04-22 17:42:14 IST,1117,37.00,42.00,"42.04

",,,,
2021-04-22 17:42:57 IST,1118,37.00,41.00,"41.62

",,,,
2021-04-22 17:43:19 IST,1119,37.00,42.00,"42.04

",,,,
2021-04-22 17:43:40 IST,1120,36.70,41.00,"40.97

",,,,
2021-04-22 17:44:02 IST,1121,37.10,41.00,"41.84

",,,,
2021-04-22 17:44:34 IST,1122,37.20,41.00,"42.06

",,,,
2021-04-22 17:45:06 IST,1123,37.20,41.00,"42.06

",,,,
2021-04-22 17:45:49 IST,1124,37.30,40.00,"41.86

",,,,
2021-04-22 17:46:11 IST,1125,37.30,40.00,"41.86

",,,,
2021-04-22 17:46:54 IST,1126,37.40,40.00,"42.08

",,,,
2021-04-22 17:47:26 IST,1127,37.40,40.00,"42.08

",,,,
2021-04-22 17:48:09 IST,1128,37.50,40.00,"42.30

",,,,
2021-04-22 17:48:30 IST,1129,37.50,40.00,"42.30

",,,,
2021-04-22 17:49:02 IST,1130,37.50,40.00,"42.30

",,,,
2021-04-22 17:49:35 IST,1131,37.60,40.00,"42.52

",,,,
2021-04-22 17:50:17 IST,1132,37.60,40.00,"42.52

",,,,
2021-04-22 17:50:39 IST,1133,37.60,40.00,"42.52

",,,,
2021-04-22 17:51:11 IST,1134,37.60,40.00,"42.52

",,,,
2021-04-22 17:51:43 IST,1135,37.60,40.00,"42.52

",,,,
2021-04-22 17:52:37 IST,1136,37.60,40.00,"42.52

",,,,
2021-04-22 17:52:58 IST,1137,37.60,40.00,"42.52

",,,,
2021-04-22 17:53:30 IST,1138,37.60,41.00,"42.96

",,,,
2021-04-22 17:54:24 IST,1139,37.60,41.00,"42.96

",,,,
2021-04-22 17:54:57 IST,1140,37.70,40.00,"42.74

",,,,
2021-04-22 17:55:19 IST,1141,37.70,40.00,"42.74

",,,,
2021-04-22 17:55:41 IST,1142,37.80,40.00,"42.97

",,,,
2021-04-22 17:56:24 IST,1143,37.80,40.00,"42.97

",,,,
2021-04-22 17:58:11 IST,1144,37.90,40.00,"43.20

",,,,
2021-04-22 17:59:04 IST,1145,37.90,40.00,"43.20

",,,,
2021-04-22 17:59:37 IST,1146,38.00,41.00,"43.89

",,,,
2021-04-22 18:00:41 IST,1147,38.00,41.00,"43.89

",,,,
2021-04-22 18:02:06 IST,1148,38.00,41.00,"43.89

",,,,
2021-04-22 18:02:38 IST,1149,38.10,41.00,"44.12

",,,,
2021-04-22 18:03:21 IST,1150,38.10,41.00,"44.12

",,,,
2021-04-22 18:03:53 IST,1151,38.10,41.00,"44.12

",,,,
2021-04-22 18:04:26 IST,1152,38.00,42.00,"44.36

",,,,
2021-04-22 18:05:08 IST,1153,38.10,41.00,"44.12

",,,,
2021-04-22 18:05:30 IST,1154,38.10,41.00,"44.12

",,,,
2021-04-22 18:06:13 IST,1155,38.10,41.00,"44.12

",,,,
2021-04-22 18:06:34 IST,1156,38.10,41.00,"44.12

",,,,
2021-04-22 18:06:56 IST,1157,38.10,41.00,"44.12

",,,,
2021-04-22 18:07:39 IST,1158,38.10,41.00,"44.12

",,,,
2021-04-22 18:09:26 IST,1159,38.10,41.00,"44.12

",,,,
2021-04-22 18:09:47 IST,1160,38.10,41.00,"44.12

",,,,
2021-04-22 18:11:02 IST,1161,38.10,41.00,"44.12

",,,,
2021-04-22 18:12:59 IST,1162,38.10,42.00,"44.60

",,,,
2021-04-22 18:13:21 IST,1163,38.10,42.00,"44.60

",,,,
2021-04-22 18:14:08 IST,1164,38.10,41.00,"44.12

",,,,
2021-04-22 18:14:51 IST,1165,38.10,42.00,"44.60

",,,,
2021-04-22 18:15:13 IST,1166,38.20,41.00,"44.36

",,,,
2021-04-22 18:15:35 IST,1167,38.20,42.00,"44.84

",,,,
2021-04-22 18:16:07 IST,1168,38.20,42.00,"44.84

",,,,
2021-04-22 18:16:28 IST,1169,38.20,42.00,"44.84

",,,,
2021-04-22 18:17:11 IST,1170,38.20,41.00,"44.36

",,,,
2021-04-22 18:18:05 IST,1171,38.20,41.00,"44.36

",,,,
2021-04-22 18:18:48 IST,1172,38.20,41.00,"44.36

",,,,
2021-04-22 18:19:52 IST,1173,38.20,41.00,"44.36

",,,,
2021-04-22 18:21:38 IST,1174,38.20,41.00,"44.36

",,,,
2021-04-22 18:22:00 IST,1175,38.10,41.00,"44.12

",,,,
2021-04-22 18:22:53 IST,1176,38.20,41.00,"44.36

",,,,
2021-04-22 18:24:08 IST,1177,38.20,41.00,"44.36

",,,,
2021-04-22 18:24:31 IST,1178,38.10,41.00,"44.12

",,,,
2021-04-22 18:25:57 IST,1179,38.10,41.00,"44.12

",,,,
2021-04-22 18:26:29 IST,1180,38.20,41.00,"44.36

",,,,
2021-04-22 18:27:01 IST,1181,38.10,41.00,"44.12

",,,,
2021-04-22 18:27:54 IST,1182,38.10,41.00,"44.12

",,,,
2021-04-22 18:28:16 IST,1183,38.10,41.00,"44.12

",,,,
2021-04-22 18:28:59 IST,1184,38.10,41.00,"44.12

",,,,
2021-04-22 18:29:31 IST,1185,38.20,41.00,"44.36

",,,,
2021-04-22 18:29:52 IST,1186,38.00,41.00,"43.89

",,,,
2021-04-22 18:30:35 IST,1187,38.00,41.00,"43.89

",,,,
2021-04-22 18:31:07 IST,1188,38.10,41.00,"44.12

",,,,
2021-04-22 18:31:28 IST,1189,38.10,41.00,"44.12

",,,,
2021-04-22 18:32:00 IST,1190,38.20,41.00,"44.36

",,,,
2021-04-22 18:33:26 IST,1191,38.10,41.00,"44.12

",,,,
2021-04-22 18:33:47 IST,1192,38.10,41.00,"44.12

",,,,
2021-04-22 18:34:51 IST,1193,38.10,41.00,"44.12

",,,,
2021-04-22 18:35:13 IST,1194,38.10,41.00,"44.12

",,,,
2021-04-22 18:35:56 IST,1195,38.10,41.00,"44.12

",,,,
2021-04-22 18:36:50 IST,1196,38.10,41.00,"44.12

",,,,
2021-04-22 18:37:54 IST,1197,38.10,41.00,"44.12

",,,,
2021-04-22 18:38:15 IST,1198,38.10,41.00,"44.12

",,,,
2021-04-22 18:38:37 IST,1199,38.10,41.00,"44.12

",,,,
2021-04-22 18:39:20 IST,1200,38.10,41.00,"44.12

",,,,
2021-04-22 18:40:13 IST,1201,37.80,35.00,"40.89

",,,,
2021-04-22 18:40:35 IST,1202,37.40,26.00,"37.27

",,,,
2021-04-22 18:41:07 IST,1203,35.80,28.00,"35.40

",,,,
2021-04-22 18:41:29 IST,1204,34.80,29.00,"34.19

",,,,
2021-04-22 18:42:33 IST,1205,32.50,33.00,"31.81

",,,,
2021-04-22 18:42:55 IST,1206,32.00,34.00,"31.33

",,,,
2021-04-22 18:43:17 IST,1207,31.70,34.00,"30.96

",,,,
2021-04-22 18:43:49 IST,1208,31.10,35.00,"30.37

",,,,
2021-04-22 18:44:32 IST,1209,30.80,35.00,"30.03

",,,,
2021-04-22 18:45:36 IST,1210,29.90,37.00,"29.26

",,,,
2021-04-22 18:45:58 IST,1211,29.80,37.00,"29.15

",,,,
2021-04-22 18:47:02 IST,1212,29.50,38.00,"28.93

",,,,
2021-04-22 18:48:28 IST,1213,29.40,38.00,"28.83

",,,,
2021-04-22 18:49:00 IST,1214,29.50,38.00,"28.93

",,,,
2021-04-22 18:49:21 IST,1215,29.90,38.00,"29.36

",,,,
2021-04-22 18:49:42 IST,1216,29.40,38.00,"28.83

",,,,
2021-04-22 18:50:04 IST,1217,29.30,38.00,"28.73

",,,,
2021-04-22 18:50:36 IST,1218,29.40,38.00,"28.83

",,,,
2021-04-22 18:51:08 IST,1219,29.30,38.00,"28.73

",,,,
2021-04-22 18:51:41 IST,1220,29.00,38.00,"28.43

",,,,
2021-04-22 18:52:13 IST,1221,29.00,39.00,"28.52

",,,,
2021-04-22 18:52:45 IST,1222,28.90,38.00,"28.34

",,,,
2021-04-22 18:53:39 IST,1223,28.80,38.00,"28.24

",,,,
2021-04-22 18:54:00 IST,1224,28.90,38.00,"28.34

",,,,
2021-04-22 18:54:22 IST,1225,28.80,38.00,"28.24

",,,,
2021-04-22 18:55:15 IST,1226,28.80,38.00,"28.24

",,,,
2021-04-22 18:55:47 IST,1227,28.80,38.00,"28.24

",,,,
2021-04-22 18:57:34 IST,1228,28.90,37.00,"28.26

",,,,
2021-04-22 18:58:06 IST,1229,28.90,38.00,"28.34

",,,,
